periodo,pib_indice,pib_media4,pib_crescimento,c_indice,c_media4,c_crescimento,i_indice,i_media4,i_crescimento,g_indice,g_media4,g_crescimento,x_indice,x_media4,x_crescimento,m_indice,m_media4,m_crescimento,vab_indice,vab_media4,vab_crescimento,agro_indice,agro_media4,agro_crescimento,industria_indice,industria_media4,industria_crescimento,extrativas_indice,extrativas_media4,extrativas_crescimento,transformacao_indice,transformacao_media4,transformacao_crescimento,eletricidade_indice,eletricidade_media4,eletricidade_crescimento,construcao_indice,construcao_media4,construcao_crescimento,servicos_indice,servicos_media4,servicos_crescimento,comercio_indice,comercio_media4,comercio_crescimento,transporte_indice,transporte_media4,transporte_crescimento,informacao_indice,informacao_media4,informacao_crescimento,financeiras_indice,financeiras_media4,financeiras_crescimento,imobiliarias_indice,imobiliarias_media4,imobiliarias_crescimento,outros_servicos_indice,outros_servicos_media4,outros_servicos_crescimento,administracao_indice,administracao_media4,administracao_crescimento,recessao,pib_tendencia,c_tendencia,i_tendencia,g_tendencia,x_tendencia,m_tendencia,vab_tendencia,agro_tendencia,industria_tendencia,extrativas_tendencia,transformacao_tendencia,eletricidade_tendencia,construcao_tendencia,servicos_tendencia,comercio_tendencia,transporte_tendencia,informacao_tendencia,financeiras_tendencia,imobiliarias_tendencia,outros_servicos_tendencia,administracao_tendencia,trimestre,data,pib_crescimento_pct,pib_tendencia_pct,c_crescimento_pct,c_tendencia_pct,i_crescimento_pct,i_tendencia_pct,g_crescimento_pct,g_tendencia_pct,x_crescimento_pct,x_tendencia_pct,m_crescimento_pct,m_tendencia_pct,vab_crescimento_pct,vab_tendencia_pct,agro_crescimento_pct,agro_tendencia_pct,industria_crescimento_pct,industria_tendencia_pct,extrativas_crescimento_pct,extrativas_tendencia_pct,transformacao_crescimento_pct,transformacao_tendencia_pct,eletricidade_crescimento_pct,eletricidade_tendencia_pct,construcao_crescimento_pct,construcao_tendencia_pct,servicos_crescimento_pct,servicos_tendencia_pct,comercio_crescimento_pct,comercio_tendencia_pct,transporte_crescimento_pct,transporte_tendencia_pct,informacao_crescimento_pct,informacao_tendencia_pct,financeiras_crescimento_pct,financeiras_tendencia_pct,imobiliarias_crescimento_pct,imobiliarias_tendencia_pct,outros_servicos_crescimento_pct,outros_servicos_tendencia_pct,administracao_crescimento_pct,administracao_tendencia_pct
1996Q1,"99,41",,,"98,85",,,"96,84",,,"99,15",,,"99,57",,,"91,56",,,"99,79",,,"95,25",,,"101,02",,,"104,21",,,"99,23",,,"101,6",,,"102,58",,,"101,99",,,"98,55",,,"105,84",,,"103,35",,,"103,22",,,"102,11",,,"100,31",,,"102,4",,,False,,,,,,,,,,,,,,,,,,,,,,1T1996,1996-01-01,,,,,,,,,,,,,,,,,,,,,,,,,,,,,,,,,,,,,,,,,,
1996Q2,"100,6",,,"100,9",,,"98,71",,,"100,75",,,"96,69",,,"99,92",,,"100,69",,,"96,59",,,"97,29",,,"103,77",,,"94,2",,,"102,26",,,"101,6",,,"102,26",,,"100,32",,,"104,31",,,"104,82",,,"102,3",,,"102,77",,,"99,8",,,"104,48",,,False,,,,,,,,,,,,,,,,,,,,,,2T1996,1996-04-01,,,,,,,,,,,,,,,,,,,,,,,,,,,,,,,,,,,,,,,,,,
1996Q3,"104,31",,,"103,71",,,"102,41",,,"104,25",,,"96,19",,,"107,28",,,"104,4",,,"101,76",,,"106,05",,,"98,63",,,"108,67",,,"103,14",,,"102,41",,,"103,55",,,"102,95",,,"107,57",,,"109,17",,,"103,16",,,"103,73",,,"100,08",,,"105,0",,,False,,,,,,,,,,,,,,,,,,,,,,3T1996,1996-07-01,,,,,,,,,,,,,,,,,,,,,,,,,,,,,,,,,,,,,,,,,,
1996Q4,"103,32","101,91",,"109,16","103,155",,"106,78","101,185",,"88,56","98,17750000000001",,"99,17","97,905",,"119,01","104,4425",,"101,9","101,69500000000001",,"125,8","104,85",,"99,59","100,9875",,"103,33","102,485",,"98,21","100,0775",,"105,45","103,1125",,"102,27","102,215",,"101,41","102,3025",,"104,38","101,55",,"103,72","105,36",,"106,5","105,96",,"94,86","100,88499999999999",,"101,24","102,4625",,"99,73","99,98",,"104,36","104,06",,False,,,,,,,,,,,,,,,,,,,,,,4T1996,1996-10-01,,,,,,,,,,,,,,,,,,,,,,,,,,,,,,,,,,,,,,,,,,
1997Q1,"104,43","103,165",,"106,64","105,10249999999999",,"107,69","103,8975",,"100,32","98,47",,"105,49","99,38499999999999",,"118,67","111,22",,"103,94","102,7325",,"101,87","106,505",,"104,64","101,89250000000001",,"104,46","102,5475",,"101,69","100,6925",,"107,99","104,71000000000001",,"105,83","103,0275",,"103,91","102,7825",,"104,55","103,05",,"108,81","106,1025",,"108,14","107,1575",,"104,76","101,27",,"103,46","102,8",,"101,15","100,19",,"104,52","104,59",,False,,,,,,,,,,,,,,,,,,,,,,1T1997,1997-01-01,,,,,,,,,,,,,,,,,,,,,,,,,,,,,,,,,,,,,,,,,,
1997Q2,"104,94","104,25",,"106,93","106,61",,"109,2","106,52",,"99,92","98,2625",,"112,26","103,2775",,"123,6","117,14",,"104,15","103,5975",,"100,38","107,45249999999999",,"104,48","103,69",,"106,33","103,18749999999999",,"102,99","102,89",,"107,02","105,89999999999999",,"108,49","104,75",,"104,48","103,3375",,"105,15","104,2575",,"112,01","108,0275",,"110,98","108,69749999999999",,"103,48","101,565",,"104,23","103,16499999999999",,"102,06","100,755",,"103,7","104,39500000000001",,False,,,,,,,,,,,,,,,,,,,,,,2T1997,1997-04-01,,,,,,,,,,,,,,,,,,,,,,,,,,,,,,,,,,,,,,,,,,
1997Q3,"106,27","104,74",,"105,9","107,1575",,"111,34","108,7525",,"98,35","96,7875",,"114,47","107,8475",,"124,4","121,42",,"105,42","103,8525",,"103,64","107,9225",,"106,45","103,78999999999999",,"109,63","105,9375",,"103,48","101,5925",,"110,17","107,6575",,"111,67","107,065",,"104,97","103,6925",,"106,64","105,18",,"112,63","109,29249999999999",,"111,97","109,39750000000001",,"104,27","101,8425",,"105,39","103,58",,"102,78","101,43",,"104,06","104,16",,False,,,,,,,,,,,,,,,,,,,,,,3T1997,1997-07-01,,,,,,,,,,,,,,,,,,,,,,,,,,,,,,,,,,,,,,,,,,
1997Q4,"107,16","105,7","0,03718967716612709","106,04","106,3775","0,031239397023896","110,61","109,71","0,08425161832287387","99,05","99,41","0,012553792875149572","109,24","110,365","0,12726622746540017","116,96","120,9075","0,15764655193048815","106,39","104,975","0,03225330645557789","112,57","104,615","-0,0022412970910824503","106,07","105,41","0,04379254858274528","109,48","107,475","0,04869005220276135","102,09","102,5625","0,0248307561639729","111,63","109,2025","0,059061704449024255","113,71","109,92500000000001","0,07542924228342218","106,25","104,9025","0,025414823684660748","106,81","105,7875","0,041728212703101786","114,84","112,0725","0,06371013667425984","114,81","111,47500000000001","0,05204794261985679","104,46","104,24249999999999","0,03328046785944405","107,0","105,02000000000001","0,0249603513480543","105,02","102,7525","0,027730546109221876","105,0","104,32","0,0024985585239283292",False,"0,02985795720407087","0,0263297984005742","0,024015492254659994","0,026886824112959087","0,0843283597950309","0,042114146258433446","0,02967406988425632","0,035637372117403185","0,020638786563023225","0,050974730711531954","0,019185954728766316","0,024708670449106247","0,020466730914323154","0,03263706013575177","0,024484159473655894","0,027147823715303863","0,07420140285175023","0,04010070585382093","0,03998341508985714","0,022084235173216855","0,030154613162106665",4T1997,1997-10-01,"3,718967716612709","2,985795720407087","3,1239397023896","2,63297984005742","8,425161832287387","2,4015492254659994","1,2553792875149572","2,6886824112959085","12,726622746540016","8,43283597950309","15,764655193048815","4,211414625843345","3,225330645557789","2,967406988425632","-0,22412970910824503","3,5637372117403183","4,379254858274528","2,0638786563023226","4,869005220276135","5,097473071153195","2,48307561639729","1,9185954728766317","5,9061704449024255","2,4708670449106247","7,542924228342218","2,0466730914323152","2,541482368466075","3,2637060135751774","4,172821270310179","2,4484159473655893","6,371013667425984","2,7147823715303865","5,204794261985679","7,420140285175022","3,328046785944405","4,010070585382093","2,49603513480543","3,9983415089857135","2,7730546109221876","2,2084235173216853","0,24985585239283292","3,0154613162106667"
1998Q1,"105,04","105,85249999999999","0,026050501623612554","106,06","106,2325","0,010751409338503048","111,21","110,59","0,0644144469308694","101,42","99,68499999999999","0,012338783385802632","115,78","112,9375","0,13636363636363646","127,52","123,12","0,10699514475813698","104,52","105,12","0,023239967877740852","100,16","104,1875","-0,021759541805548954","103,69","105,17250000000001","0,03219078931226549","111,11","109,1375","0,06426290255735156","97,78","101,58500000000001","0,00886361943540992","111,03","109,9625","0,0501623531658868","112,25","111,53","0,08252650991240196","105,19","105,2225","0,02373944980906284","104,32","105,72999999999999","0,02600679281901974","110,64","112,53","0,06057821446243006","112,97","112,68249999999999","0,051559620185241295","102,59","103,69999999999999","0,0239952601955169","106,48","105,775","0,028939688715953427","102,19","103,0125","0,028171474199021995","105,9","104,665","0,0007170857634573036",True,"0,02973047613753363","0,02629199460510948","0,023972017381773153","0,026737026101693546","0,08371936567057967","0,04210192309026611","0,029542049447439163","0,03564918368913108","0,020502444488932674","0,05069374701347307","0,01895745599513461","0,024736343397423248","0,020397407392642813","0,03249155095678031","0,024375650021563566","0,026985513051941936","0,07383538866722776","0,03996770031094353","0,03980107417339911","0,022148240563268726","0,029895878797896795",1T1998,1998-01-01,"2,6050501623612554","2,973047613753363","1,0751409338503048","2,629199460510948","6,44144469308694","2,397201738177315","1,2338783385802632","2,6737026101693546","13,636363636363647","8,371936567057967","10,699514475813698","4,210192309026612","2,3239967877740852","2,9542049447439163","-2,1759541805548954","3,564918368913108","3,219078931226549","2,050244448893267","6,426290255735156","5,069374701347307","0,886361943540992","1,895745599513461","5,01623531658868","2,4736343397423246","8,252650991240195","2,0397407392642815","2,373944980906284","3,249155095678031","2,600679281901974","2,4375650021563566","6,057821446243006","2,6985513051941936","5,1559620185241295","7,383538866722776","2,39952601955169","3,996770031094353","2,8939688715953427","3,9801074173399114","2,8171474199021995","2,2148240563268726","0,07170857634573036","2,9895878797896795"
1998Q2,"106,84","106,3275","0,01992805755395688","105,73","105,9325","-0,006354938561110579","111,62","111,195","0,043888471648516614","102,1","100,23","0,020022897850146215","118,89","114,595","0,10958340393599753","120,65","122,3825","0,04475414034488634","106,44","105,6925","0,020222495716595512","112,71","107,27000000000001","-0,0016984248854142736","105,02","105,3075","0,01559938277558115","113,04","110,815","0,0739188370684436","99,34","100,6725","-0,021552143065409646","110,65","110,87","0,04693106704438166","113,65","112,82","0,07704057279236265","106,35","105,69","0,022765211080198355","106,05","105,955","0,016281802268421908","114,83","113,235","0,04820531809030104","112,11","112,965","0,03926033257434636","102,27","103,3975","0,01804263279673113","107,46","106,5825","0,03312654485532884","104,15","103,535","0,027591682794898542","106,93","105,47250000000001","0,010321375544805722",True,"0,02960299507099639","0,026254190809644754","0,023928542508886316","0,02658722809042801","0,08311037154612842","0,042089699922098774","0,02941002901062201","0,03566099526085897","0,020366102414842123","0,05041276331541417","0,018728957261502904","0,024764016345740245","0,020328083870962473","0,03234604177780885","0,024267140569471234","0,02682320238858001","0,0734693744827053","0,03983469476806613","0,03961873325694109","0,022212245953320598","0,02963714443368692",2T1998,1998-04-01,"1,992805755395688","2,9602995070996387","-0,6354938561110579","2,6254190809644755","4,388847164851661","2,3928542508886315","2,0022897850146215","2,658722809042801","10,958340393599752","8,311037154612842","4,475414034488634","4,2089699922098776","2,022249571659551","2,941002901062201","-0,16984248854142736","3,5660995260858965","1,559938277558115","2,036610241484212","7,39188370684436","5,041276331541417","-2,1552143065409646","1,8728957261502903","4,693106704438166","2,4764016345740245","7,704057279236265","2,0328083870962472","2,2765211080198355","3,234604177780885","1,6281802268421908","2,4267140569471235","4,820531809030104","2,6823202388580007","3,9260332574346357","7,34693744827053","1,8042632796731128","3,983469476806613","3,3126544855328843","3,9618733256941088","2,759168279489854","2,22122459533206","1,0321375544805722","2,963714443368692"
1998Q3,"106,81","106,4625","0,016445484055757298","106,06","105,97250000000001","-0,011058488673214573","110,18","110,905","0,019792648444863392","103,87","101,61","0,049825648973266246","113,82","114,4325","0,06105843899951324","121,88","121,7525","0,002738428594959652","106,36","105,9275","0,019980260465564115","109,75","108,79749999999999","0,008107669855683453","103,68","104,615","0,007948742653434815","111,48","111,2775","0,05040707964601765","98,37","99,39500000000001","-0,021630533750030656","110,7","111,0025","0,03107075679817939","111,96","112,8925","0,05442955214122258","107,0","106,19749999999999","0,02415796706608475","104,83","105,5025","0,003066172276098067","115,3","113,9025","0,042180387492279925","125,28","116,29249999999999","0,06302703443862967","102,79","103,0275","0,011635613815450307","108,06","107,25","0,03543155049237301","104,52","103,97","0,02504190081829827","107,75","106,39500000000001","0,021457373271889457",True,"0,02947551400445915","0,026216387014180033","0,023885067635999475","0,02643743007916247","0,0825013774216772","0,04207747675393144","0,029278008573804856","0,03567280683258686","0,020229760340751572","0,050131779617355286","0,0185004585278712","0,024791689294057246","0,02025876034928213","0,032200532598837386","0,024158631117378905","0,02666089172521808","0,07310336029818283","0,03970168922518873","0,039436392340483066","0,02227625134337247","0,02937841006947705",3T1998,1998-07-01,"1,6445484055757298","2,947551400445915","-1,1058488673214573","2,621638701418003","1,9792648444863392","2,3885067635999473","4,9825648973266246","2,643743007916247","6,105843899951324","8,25013774216772","0,2738428594959652","4,207747675393144","1,9980260465564115","2,9278008573804857","0,8107669855683453","3,5672806832586863","0,7948742653434815","2,0229760340751572","5,040707964601765","5,013177961735528","-2,1630533750030656","1,85004585278712","3,107075679817939","2,4791689294057244","5,442955214122258","2,025876034928213","2,415796706608475","3,2200532598837386","0,3066172276098067","2,4158631117378904","4,2180387492279925","2,666089172521808","6,302703443862967","7,310336029818283","1,1635613815450307","3,9701689225188725","3,543155049237301","3,9436392340483066","2,504190081829827","2,227625134337247","2,1457373271889457","2,937841006947705"
1998Q4,"105,59","106,07","0,003500473036896823","104,65","105,625","-0,00707386430401169","105,22","109,5575","-0,0013900282563119593","103,1","102,62249999999999","0,03231566240820838","114,24","115,6825","0,048181035654419446","114,99","121,25999999999999","0,002915451895043608","105,24","105,64","0,0063348416289592535","107,48","107,52499999999999","0,027816278736318756","100,45","103,21","-0,02087088511526425","110,32","111,4875","0,03733426378227489","94,83","97,58","-0,048580134064594827","109,83","110,55250000000001","0,012362354341704629","109,22","111,77000000000001","0,01678417102569929","107,06","106,4","0,014275160267867903","100,33","103,88250000000001","-0,018007798652959872","110,7","112,86749999999999","0,007093622431907809","130,59","120,2375","0,07860506840098669","103,17","102,705","-0,014749262536873142","108,84","107,71","0,02561416872976552","104,75","103,9025","0,011191941801902638","108,76","107,33500000000001","0,028901457055214852",True,"0,02934803293792191","0,026178583218715308","0,023841592763112634","0,02628763206789693","0,08189238329722597","0,04206525358576411","0,029145988136987704","0,03568461840431476","0,020093418266661018","0,04985079591929639","0,01827195979423949","0,024819362242374243","0,020189436827601794","0,03205502341986593","0,024050121665286573","0,026498581061856152","0,07273734611366038","0,03956868368231133","0,03925405142402504","0,022340256733424338","0,02911967570526718",4T1998,1998-10-01,"0,3500473036896823","2,934803293792191","-0,707386430401169","2,617858321871531","-0,13900282563119593","2,3841592763112636","3,231566240820838","2,628763206789693","4,818103565441945","8,189238329722597","0,2915451895043608","4,20652535857641","0,6334841628959254","2,9145988136987704","2,7816278736318756","3,5684618404314756","-2,087088511526425","2,009341826666102","3,733426378227489","4,985079591929639","-4,858013406459483","1,8271959794239492","1,2362354341704629","2,4819362242374243","1,678417102569929","2,018943682760179","1,4275160267867903","3,205502341986593","-1,8007798652959872","2,4050121665286572","0,7093622431907809","2,649858106185615","7,860506840098669","7,273734611366038","-1,4749262536873142","3,956868368231133","2,561416872976552","3,925405142402504","1,1191941801902638","2,2340256733424337","2,890145705521485","2,911967570526718"
1999Q1,"105,78","106,25500000000001","0,0038024609716351687","104,97","105,3525","-0,008283717318146477","101,47","107,1225","-0,031354552852880024","101,93","102,75","0,030746852585644913","116,38","115,83250000000001","0,025633646928611142","103,76","115,32","-0,06335282651072138","106,2","106,05999999999999","0,008942161339421384","112,01","110,48750000000001","0,060467906418716355","99,94","102,2725","-0,027573747890370814","109,84","111,17","0,018623296300538383","94,07","96,65249999999999","-0,04855539695821254","109,78","110,24000000000001","0,002523587586677367","105,59","110,105","-0,01277683134582619","107,87","107,07","0,017558031789778772","101,17","103,095","-0,02492197105835614","108,46","112,32249999999999","-0,0018439527237181785","134,06","125,51","0,11383755241497151","103,0","102,8075","-0,008606557377049073","110,51","108,7175","0,027818482628220176","103,79","104,30250000000001","0,012522752093192535","110,29","108,4325","0,03599579611140302",True,"0,02922055187138467","0,026140779423250587","0,023798117890225796","0,02613783405663139","0,08128338917277474","0,04205303041759677","0,029013967700170548","0,03569642997604265","0,019957076192570467","0,049569812221237505","0,018043461060607786","0,024847035190691244","0,020120113305921453","0,031909514240894464","0,023941612213194245","0,026336270398494226","0,07237133192913792","0,03943567813943393","0,03907171050756701","0,02240426212347621","0,02886094134105731",1T1999,1999-01-01,"0,38024609716351687","2,922055187138467","-0,8283717318146477","2,614077942325059","-3,1354552852880024","2,37981178902258","3,0746852585644913","2,613783405663139","2,5633646928611142","8,128338917277473","-6,335282651072138","4,205303041759676","0,8942161339421384","2,9013967700170546","6,0467906418716355","3,569642997604265","-2,7573747890370814","1,9957076192570466","1,8623296300538383","4,95698122212375","-4,855539695821253","1,8043461060607786","0,2523587586677367","2,4847035190691242","-1,277683134582619","2,0120113305921454","1,7558031789778772","3,1909514240894463","-2,492197105835614","2,3941612213194245","-0,18439527237181785","2,6336270398494226","11,383755241497152","7,237133192913792","-0,8606557377049073","3,943567813943393","2,7818482628220176","3,907171050756701","1,2522752093192535","2,240426212347621","3,5995796111403022","2,886094134105731"
1999Q2,"106,34","106,13","-0,0018574686699114329","105,03","105,17750000000001","-0,007127180043895787","100,23","104,27499999999999","-0,06223301407437387","103,08","102,995","0,027586550932854337","119,01","115,8625","0,01106069200226889","102,54","110,7925","-0,09470308254856696","106,44","106,05999999999999","0,0034770679092650525","113,95","110,7975","0,032884310618066515","99,84","100,97749999999999","-0,04111767917764653","104,47","109,02749999999999","-0,016130487749853484","95,36","95,6575","-0,04981499416424551","111,12","110,3575","-0,004622530892035792","106,17","108,235","-0,040639957454352005","108,04","107,49249999999999","0,017054593622859215","101,81","102,035","-0,03699683828040212","105,23","109,9225","-0,029253322735903198","136,99","131,73000000000002","0,16611339795511904","102,96","102,97999999999999","-0,004037815227640906","110,27","109,42","0,026622569371144378","104,55","104,4025","0,00837880909837252","110,58","109,345","0,0367157315888027",False,"0,02909307080484743","0,026102975627785862","0,023754643017338956","0,025988036045365853","0,0806743950483235","0,042040807249429435","0,028881947263353393","0,03570824154777054","0,019820734118479916","0,04928882852317861","0,01781496232697608","0,024874708139008245","0,020050789784241112","0,031764005061923","0,023833102761101913","0,0261739597351323","0,07200531774461545","0,03930267259655653","0,03888936959110899","0,02246826751352808","0,028602206976847434",2T1999,1999-04-01,"-0,1857468669911433","2,909307080484743","-0,7127180043895787","2,610297562778586","-6,223301407437387","2,3754643017338957","2,7586550932854337","2,5988036045365854","1,106069200226889","8,067439504832349","-9,470308254856697","4,204080724942943","0,34770679092650525","2,8881947263353394","3,2884310618066515","3,570824154777054","-4,111767917764652","1,9820734118479917","-1,6130487749853484","4,928882852317861","-4,981499416424551","1,7814962326976078","-0,4622530892035792","2,4874708139008246","-4,0639957454352","2,005078978424111","1,7054593622859215","3,1764005061922997","-3,6996838280402122","2,3833102761101914","-2,9253322735903198","2,6173959735132297","16,611339795511903","7,200531774461545","-0,40378152276409063","3,930267259655653","2,662256937114438","3,888936959110899","0,8378809098372519","2,246826751352808","3,6715731588802702","2,8602206976847433"
1999Q3,"106,33","106,01","-0,004250322883644464","106,08","105,1825","-0,007454764207695419","97,89","101,20249999999999","-0,08748478427482997","105,22","103,3325","0,016952071646491484","117,35","116,74499999999999","0,020208419810805456","99,04","105,08250000000001","-0,13691710642491928","106,37","106,0625","0,001274456585872441","114,52","111,99000000000001","0,029343505135688064","100,15","100,095","-0,04320604119868088","104,67","107,325","-0,03551930983352425","95,28","94,88499999999999","-0,0453745158207155","111,83","110,64","-0,003265692214139304","106,28","106,815","-0,05383439998228401","108,17","107,78500000000001","0,01494856281927559","100,92","101,05749999999999","-0,04213170304021241","107,42","107,9525","-0,052237659401681236","133,69","133,8325","0,1508265795300645","103,01","103,03500000000001","7,279609812926857e-05","110,32","109,985","0,025501165501165435","105,41","104,625","0,006299894200250122","111,05","110,17","0,035480990648056654",False,"0,02896558973831019","0,02606517183232114","0,023711168144452115","0,025838238034100312","0,08006540092387227","0,0420285840812621","0,02874992682653624","0,035720053119498434","0,019684392044389366","0,049007844825119724","0,017586463593344374","0,024902381087325242","0,01998146626256077","0,03161849588295154","0,023724593309009584","0,026011649071770372","0,07163930356009299","0,03916966705367913","0,038707028674650965","0,022532272903579953","0,028343472612637564",3T1999,1999-07-01,"-0,4250322883644464","2,896558973831019","-0,7454764207695419","2,606517183232114","-8,748478427482997","2,3711168144452115","1,6952071646491484","2,583823803410031","2,0208419810805456","8,006540092387226","-13,691710642491927","4,20285840812621","0,1274456585872441","2,874992682653624","2,9343505135688064","3,572005311949843","-4,320604119868088","1,9684392044389365","-3,551930983352425","4,900784482511972","-4,53745158207155","1,7586463593344375","-0,3265692214139304","2,490238108732524","-5,3834399982284005","1,9981466262560772","1,494856281927559","3,161849588295154","-4,213170304021241","2,3724593309009583","-5,223765940168123","2,6011649071770373","15,08265795300645","7,163930356009299","0,007279609812926857","3,916966705367913","2,5501165501165435","3,8707028674650963","0,6299894200250122","2,2532272903579953","3,5480990648056654","2,8343472612637566"
1999Q4,"107,84","106,5725","0,004737437541246559","107,94","106,00500000000001","0,0035976331360947356","99,88","99,8675","-0,08844670606759009","107,18","104,3525","0,016857901532315145","135,93","122,1675","0,05605860869189372","105,98","102,83000000000001","-0,15198746495134408","107,66","106,6675","0,009726429382809654","118,92","114,85000000000001","0,06812369216461311","102,09","100,505","-0,02620870070729575","107,49","106,6175","-0,043682027133086554","98,26","95,7425","-0,018830703012912342","111,87","111,15","0,005404671988421761","107,12","106,28999999999999","-0,04902925650890233","109,29","108,34250000000002","0,01825657894736854","102,29","101,5475","-0,022477318123841905","112,36","108,3675","-0,039869758787959175","139,24","135,995","0,1310531240253665","103,03","103,0","0,0028723041721434583","109,74","110,21000000000001","0,023210472565221574","106,79","105,13499999999999","0,011862082240561955","111,51","110,8575","0,032817813387990835",False,"0,02883810867177295","0,026027368036856416","0,023667693271565277","0,025688440022834772","0,07945640679942104","0,04201636091309476","0,028617906389719085","0,03573186469122633","0,019548049970298815","0,04872686112706083","0,01735796485971267","0,024930054035642243","0,01991214274088043","0,03147298670398008","0,023616083856917255","0,025849338408408445","0,07127328937557052","0,03903666151080173","0,03852468775819294","0,022596278293631825","0,028084738248427693",4T1999,1999-10-01,"0,47374375412465586","2,8838108671772953","0,35976331360947356","2,6027368036856418","-8,844670606759008","2,3667693271565278","1,6857901532315145","2,5688440022834773","5,605860869189372","7,9456406799421035","-15,198746495134408","4,201636091309476","0,9726429382809654","2,8617906389719083","6,812369216461311","3,573186469122633","-2,620870070729575","1,9548049970298815","-4,368202713308655","4,872686112706083","-1,8830703012912342","1,735796485971267","0,5404671988421761","2,4930054035642244","-4,902925650890233","1,991214274088043","1,825657894736854","3,1472986703980075","-2,2477318123841905","2,3616083856917256","-3,9869758787959175","2,5849338408408444","13,10531240253665","7,127328937557052","0,28723041721434583","3,9036661510801727","2,3210472565221574","3,852468775819294","1,1862082240561955","2,2596278293631826","3,2817813387990835","2,8084738248427694"
2000Q1,"108,98","107,3725","0,01051715213401705","107,97","106,755","0,013312451057165164","100,6","99,64999999999999","-0,06975658708487953","105,31","105,1975","0,023819951338199585","133,05","126,335","0,09066971704832394","105,01","103,14250000000001","-0,10559746791536573","108,64","107,2775","0,011479351310579089","118,21","116,39999999999999","0,05351284081909702","103,41","101,3725","-0,008800019555598948","109,2","106,4575","-0,04239003328236035","99,67","97,14250000000001","0,005069708491761915","115,09","112,4775","0,020296625544266922","106,44","106,5025","-0,03271876844829935","111,04","109,13499999999999","0,01928644811805369","103,54","102,14","-0,00926330083903193","113,64","109,6625","-0,023681809076542937","149,27","139,7975","0,1138355509521154","105,1","103,525","0,006979062811565351","111,24","110,3925","0,015406903212454193","108,78","106,38250000000001","0,019941995637688503","110,39","110,8825","0,022594701772992387",False,"0,02871062760523571","0,025989564241391695","0,023624218398678436","0,025538642011569232","0,07884741267496981","0,04200413774492743","0,028485885952901933","0,03574367626295422","0,019411707896208264","0,04844587742900194","0,01712946612608096","0,024957726983959243","0,01984281921920009","0,03132747752500861","0,023507574404824923","0,02568702774504652","0,07090727519104806","0,038903655967924326","0,03834234684173492","0,022660283683683696","0,02782600388421782",1T2000,2000-01-01,"1,051715213401705","2,871062760523571","1,3312451057165164","2,5989564241391694","-6,975658708487953","2,3624218398678436","2,3819951338199585","2,553864201156923","9,066971704832394","7,884741267496981","-10,559746791536572","4,200413774492743","1,147935131057909","2,8485885952901935","5,351284081909702","3,5743676262954223","-0,8800019555598948","1,9411707896208263","-4,239003328236035","4,8445877429001944","0,5069708491761915","1,712946612608096","2,029662554426692","2,4957726983959243","-3,271876844829935","1,984281921920009","1,928644811805369","3,1327477525008613","-0,9263300839031929","2,3507574404824925","-2,3681809076542937","2,568702774504652","11,38355509521154","7,090727519104806","0,6979062811565351","3,8903655967924324","1,5406903212454193","3,8342346841734916","1,9941995637688503","2,2660283683683695","2,2594701772992387","2,782600388421782"
2000Q2,"110,53","108,41999999999999","0,021577310845189768","109,42","107,8525","0,0254331962634593","104,67","100,76","-0,03370894269959235","104,37","105,52000000000001","0,024515753191902467","134,24","130,14249999999998","0,12324954148236045","109,76","104,9475","-0,05275627862896859","110,04","108,17750000000001","0,019965114086366365","117,77","117,35499999999999","0,05918454838782461","104,55","102,55","0,015572776113490727","111,01","108,0925","-0,008575818027561799","100,83","98,51","0,02981993048114373","116,16","113,7375","0,030627732596334667","107,6","106,86","-0,012703838869127404","111,59","110,02250000000001","0,02353652580412602","103,56","102,5775","0,0053168030577743775","115,33","112,1875","0,02060542655052422","156,89","144,7725","0,09900933728080163","105,09","104,05749999999999","0,010463196737230618","112,98","111,07","0,015079510144397679","108,32","107,325","0,027992624697684487","112,18","111,2825","0,017719145822854276",False,"0,02858314653869847","0,025951760445926973","0,023580743525791596","0,025388844000303695","0,07823841855051857","0,041991914576760096","0,028353865516084778","0,03575548783468211","0,01927536582211771","0,04816489373094305","0,016900967392449256","0,02498539993227624","0,019773495697519752","0,031181968346037155","0,023399064952732595","0,02552471708168459","0,0705412610065256","0,03877065042504693","0,038160005925276894","0,022724289073735568","0,02756726952000795",2T2000,2000-04-01,"2,1577310845189768","2,858314653869847","2,54331962634593","2,5951760445926975","-3,370894269959235","2,3580743525791594","2,4515753191902467","2,5388844000303696","12,324954148236046","7,823841855051857","-5,275627862896859","4,19919145767601","1,9965114086366365","2,8353865516084777","5,918454838782461","3,575548783468211","1,5572776113490727","1,927536582211771","-0,8575818027561799","4,816489373094305","2,981993048114373","1,6900967392449258","3,0627732596334667","2,498539993227624","-1,2703838869127404","1,9773495697519752","2,353652580412602","3,1181968346037157","0,5316803057774377","2,3399064952732593","2,060542655052422","2,5524717081684587","9,900933728080163","7,054126100652559","1,0463196737230618","3,877065042504693","1,5079510144397679","3,8160005925276894","2,7992624697684487","2,272428907373557","1,7719145822854276","2,7567269520007947"
2000Q3,"111,83","109,795","0,035704178851051704","111,31","109,16","0,03781522591685871","104,7","102,46249999999999","0,01245028531903869","102,96","104,955","0,01570173953015752","145,94","137,29000000000002","0,17598184076405876","119,23","109,995","0,04674898294197405","111,35","109,4225","0,03167943429581621","116,68","117,895","0,05272792213590494","104,99","103,75999999999999","0,03661521554523195","116,52","111,055","0,03475425110645247","100,99","99,9375","0,053248669441956054","114,83","114,48750000000001","0,034774945770065235","108,62","107,445","0,005898048026962366","112,99","111,2275","0,031938581435264624","106,26","103,91250000000001","0,028251243104173485","114,82","114,0375","0,05636738380306139","164,39","152,4475","0,13909177516671933","105,23","104,6125","0,015310331440772318","115,01","112,24249999999999","0,020525526208119205","108,66","108,13749999999999","0,03357228195937867","113,14","111,805","0,014840700735227363",False,"0,028455665472161232","0,02591395665046225","0,023537268652904758","0,025239045989038155","0,07762942442606734","0,04197969140859276","0,028221845079267626","0,035767299406410005","0,01913902374802716","0,04788391003288416","0,01667246865881755","0,02501307288059324","0,01970417217583941","0,031036459167065693","0,023290555500640263","0,025362406418322662","0,07017524682200313","0,03863764488216953","0,03797766500881887","0,022788294463787436","0,027308535155798078",3T2000,2000-07-01,"3,5704178851051704","2,8455665472161233","3,781522591685871","2,5913956650462247","1,245028531903869","2,3537268652904757","1,5701739530157521","2,5239045989038154","17,598184076405875","7,762942442606733","4,674898294197405","4,197969140859277","3,167943429581621","2,8221845079267625","5,272792213590494","3,5767299406410005","3,661521554523195","1,913902374802716","3,475425110645247","4,7883910032884165","5,324866944195605","1,6672468658817547","3,4774945770065235","2,501307288059324","0,5898048026962366","1,9704172175839412","3,1938581435264624","3,1036459167065695","2,8251243104173485","2,329055550064026","5,636738380306139","2,5362406418322663","13,909177516671933","7,017524682200313","1,5310331440772318","3,863764488216953","2,0525526208119205","3,797766500881887","3,357228195937867","2,2788294463787437","1,4840700735227363","2,730853515579808"
2000Q4,"113,21","111,1375","0,04283468999976536","112,36","110,265","0,0401867836422809","108,46","104,6075","0,04746288832703316","104,11","104,1875","-0,0015811791763494787","141,91","138,785","0,13602226451388466","123,27","114,3175","0,11171350773120658","112,8","110,7075","0,03787470410387406","117,39","117,51249999999999","0,023182411841532247","106,68","104,9075","0,04380379085617636","127,52","116,0625","0,08858770839683916","103,23","101,17999999999999","0,056792960284095306","116,91","115,7475","0,04136302294197036","108,32","107,74499999999999","0,013688964154671135","114,26","112,47","0,0380967764266098","109,69","105,7625","0,041507668824934285","115,11","114,725","0,05866611299513225","163,38","158,4825","0,16535534394646856","105,59","105,2525","0,021868932038835","117,79","114,25500000000001","0,036702658560929136","108,64","108,60000000000001","0,032957625909544985","114,37","112,52000000000001","0,01499673003630786",False,"0,028328184405623992","0,025876152854997527","0,023493793780017917","0,025089247977772615","0,07702043030161611","0,04196746824042542","0,02808982464245047","0,0357791109781379","0,01900268167393661","0,04760292633482527","0,016443969925185844","0,02504074582891024","0,01963484865415907","0,03089094998809423","0,023182046048547934","0,025200095754960735","0,06980923263748068","0,03850463933929213","0,037795324092360846","0,022852299853839308","0,027049800791588204",4T2000,2000-10-01,"4,283468999976536","2,832818440562399","4,01867836422809","2,5876152854997527","4,746288832703316","2,3493793780017915","-0,15811791763494787","2,5089247977772615","13,602226451388466","7,702043030161611","11,171350773120658","4,196746824042543","3,7874704103874057","2,808982464245047","2,3182411841532247","3,57791109781379","4,380379085617636","1,9002681673936608","8,858770839683917","4,760292633482527","5,679296028409531","1,6443969925185844","4,136302294197036","2,504074582891024","1,3688964154671135","1,9634848654159072","3,80967764266098","3,089094998809423","4,1507668824934285","2,3182046048547935","5,866611299513225","2,5200095754960734","16,535534394646856","6,980923263748068","2,1868932038835","3,850463933929213","3,6702658560929136","3,7795324092360847","3,2957625909544985","2,2852299853839306","1,499673003630786","2,7049800791588203"
2001Q1,"113,6","112,29249999999999","0,04582178863302966","112,16","111,3125","0,042691208842677186","110,35","107,045","0,07420973406924247","106,35","104,44749999999999","-0,007129446992561794","150,01","143,025","0,13210907507816527","128,51","120,1925","0,16530528152798296","112,7","111,7225","0,0414345971895318","121,06","118,225","0,015678694158075546","107,3","105,88","0,044464721694739584","119,16","118,5525","0,11361341380363066","104,08","102,2825","0,052911959235144135","116,61","116,1275","0,03245093463137061","109,84","108,595","0,01964742611675785","113,67","113,12750000000001","0,03658313098456056","109,67","107,295","0,050469943215194935","114,1","114,84","0,04721304000911908","165,14","162,45","0,16203794774584646","105,19","105,275","0,016904129437333992","117,35","115,7825","0,0488257807369159","106,97","108,1475","0,01659107465983589","114,9","113,64750000000001","0,02493630645052214",False,"0,028200703339086752","0,025838349059532802","0,023450318907131076","0,024939449966507075","0,07641143617716487","0,04195524507225809","0,027957804205633315","0,03579092254986579","0,018866339599846058","0,04732194263676638","0,016215471191554136","0,02506841877722724","0,01956552513247873","0,030745440809122768","0,023073536596455602","0,02503778509159881","0,06944321845295821","0,03837163379641473","0,03761298317590282","0,02291630524389118","0,026791066427378333",1T2001,2001-01-01,"4,582178863302966","2,8200703339086752","4,269120884267719","2,5838349059532804","7,420973406924247","2,345031890713108","-0,7129446992561794","2,4939449966507077","13,210907507816527","7,641143617716486","16,530528152798297","4,195524507225809","4,14345971895318","2,7957804205633314","1,5678694158075546","3,5790922549865787","4,446472169473958","1,8866339599846058","11,361341380363065","4,7321942636766385","5,2911959235144135","1,6215471191554136","3,245093463137061","2,506841877722724","1,964742611675785","1,956552513247873","3,6583130984560563","3,074544080912277","5,0469943215194935","2,3073536596455604","4,721304000911908","2,503778509159881","16,203794774584644","6,944321845295821","1,6904129437333992","3,837163379641473","4,88257807369159","3,761298317590282","1,6591074659835892","2,291630524389118","2,493630645052214","2,679106642737833"
2001Q2,"113,07","112,92750000000001","0,041574432761483315","112,79","112,155","0,03989244570130501","107,5","107,7525","0,06939757840412852","106,64","105,015","-0,004785822592873523","154,71","148,14249999999998","0,13830992950035537","123,64","123,6625","0,17832725886752887","112,71","112,38999999999999","0,038940629983129416","121,29","119,105","0,014912019087384598","105,36","106,0825","0,034446611409068684","120,18","120,845","0,11797765802437721","102,12","102,60499999999999","0,04156938381890152","113,5","115,4625","0,01516650181338619","107,84","108,655","0,016797679206438376","115,05","113,9925","0,03608352836919715","108,94","108,64","0,05910165484633567","114,59","114,655","0,021994428969359436","168,5","165,3525","0,14215406931565022","105,85","105,465","0,01352617543185275","117,83","116,995","0,053344737552894594","109,36","108,4075","0,010086186815746467","116,4","114,7025","0,030732594972255223",True,"0,028073222272549513","0,02580054526406808","0,023406844034244235","0,024789651955241538","0,07580244205271364","0,04194302190409076","0,027825783768816163","0,03580273412159368","0,018729997525755507","0,04704095893870749","0,01598697245792243","0,02509609172554424","0,01949620161079839","0,030599931630151306","0,022965027144363274","0,02487547442823688","0,06907720426843575","0,03823862825353733","0,03743064225944479","0,02298031063394305","0,026532332063168462",2T2001,2001-04-01,"4,1574432761483315","2,8073222272549514","3,9892445701305013","2,580054526406808","6,939757840412852","2,3406844034244236","-0,4785822592873523","2,478965195524154","13,830992950035537","7,580244205271364","17,832725886752886","4,194302190409076","3,8940629983129416","2,782578376881616","1,4912019087384598","3,580273412159368","3,4446611409068684","1,8729997525755506","11,79776580243772","4,704095893870749","4,156938381890152","1,598697245792243","1,516650181338619","2,509609172554424","1,6797679206438376","1,949620161079839","3,608352836919715","3,0599931630151307","5,910165484633567","2,2965027144363273","2,1994428969359436","2,487547442823688","14,215406931565022","6,907720426843575","1,352617543185275","3,8238628253537326","5,334473755289459","3,743064225944479","1,0086186815746467","2,2980310633943053","3,0732594972255223","2,6532332063168464"
2001Q3,"112,48","113,08999999999999","0,030010474065303328","109,41","111,68","0,023085379259802252","105,98","108,07249999999999","0,054751738440893094","106,68","105,94500000000001","0,009432613977419013","150,0","149,1575","0,08644111005899902","113,41","122,2075","0,11102777398972674","112,35","112,64","0,029404372958029557","124,04","120,94500000000001","0,02587047796768327","102,08","105,355","0,015372012336160479","122,42","122,32000000000001","0,10143622529377327","100,53","102,49","0,025540963101938763","98,9","111,47999999999999","-0,026269243367180062","103,59","107,39750000000001","-0,0004420866489830422","115,05","114,5075","0,0294891101571102","107,77","109,0175","0,049127872007698636","115,01","114,7025","0,0058314151046805485","169,92","166,735","0,09372078912412496","106,8","105,8575","0,011901063448440663","118,18","117,78750000000001","0,04940196449651446","108,04","108,25250000000001","0,0010634608715758276","117,58","115,8125","0,03584365636599429",True,"0,027945741206012273","0,025762741468603356","0,023363369161357398","0,024639853943975998","0,07519344792826241","0,04193079873592342","0,027693763331999008","0,03581454569332158","0,018593655451664956","0,0467599752406486","0,015758473724290727","0,025123764673861237","0,019426878089118048","0,030454422451179845","0,022856517692270945","0,02471316376487495","0,06871119008391328","0,038105622710659925","0,03724830134298677","0,023044316023994923","0,026273597698958588",3T2001,2001-07-01,"3,0010474065303328","2,794574120601227","2,3085379259802252","2,5762741468603356","5,475173844089309","2,33633691613574","0,9432613977419013","2,4639853943976","8,644111005899902","7,5193447928262405","11,102777398972673","4,193079873592342","2,9404372958029557","2,769376333199901","2,587047796768327","3,5814545693321578","1,5372012336160479","1,8593655451664957","10,143622529377328","4,67599752406486","2,5540963101938763","1,5758473724290727","-2,626924336718006","2,5123764673861237","-0,04420866489830422","1,9426878089118047","2,94891101571102","3,0454422451179846","4,912787200769864","2,2856517692270946","0,5831415104680548","2,4713163764874952","9,372078912412496","6,871119008391329","1,1901063448440663","3,8105622710659928","4,940196449651446","3,724830134298677","0,10634608715758276","2,304431602399492","3,584365636599429","2,627359769895859"
2001Q4,"112,15","112,825","0,015183893825216455","110,27","111,1575","0,008094136852129008","100,06","105,9725","0,013048777573309689","107,96","106,9075","0,026106778644271245","147,99","150,6775","0,08569009619195178","106,75","118,0775","0,032890852231723056","112,43","112,5475","0,016620373506763375","130,49","124,22","0,0570790341453038","102,06","104,2","-0,006744036413030452","128,09","122,4625","0,055142703284868144","100,81","101,885","0,006967780193714246","98,48","106,8725","-0,07667552214950646","102,93","106,05000000000001","-0,015731588472782776","115,47","114,81","0,020805548146172415","106,11","108,1225","0,022314147263916784","115,96","114,91499999999999","0,001656134234037987","171,63","168,7975","0,0650860505103088","108,15","106,4975","0,011828697655637654","119,7","118,265","0,03509693230055566","108,33","108,175","-0,003913443830571017","117,99","116,7175","0,03730447920369695",True,"0,027818260139475033","0,025724937673138635","0,023319894288470557","0,024490055932710458","0,07458445380381118","0,041918575567756085","0,027561742895181856","0,03582635726504947","0,018457313377574405","0,04647899154258971","0,015529974990659019","0,025151437622178238","0,01935755456743771","0,03030891327220838","0,022748008240178613","0,024550853101513025","0,06834517589939082","0,037972617167782524","0,037065960426528745","0,023108321414046794","0,026014863334748718",4T2001,2001-10-01,"1,5183893825216455","2,7818260139475033","0,8094136852129008","2,5724937673138637","1,304877757330969","2,3319894288470557","2,6106778644271245","2,4490055932710457","8,569009619195178","7,458445380381118","3,2890852231723056","4,1918575567756085","1,6620373506763375","2,7561742895181855","5,70790341453038","3,582635726504947","-0,6744036413030452","1,8457313377574405","5,514270328486814","4,647899154258971","0,6967780193714246","1,552997499065902","-7,667552214950646","2,5151437622178237","-1,5731588472782776","1,9357554567437711","2,0805548146172415","3,030891327220838","2,2314147263916784","2,2748008240178614","0,1656134234037987","2,4550853101513024","6,50860505103088","6,834517589939082","1,1828697655637654","3,7972617167782525","3,509693230055566","3,7065960426528743","-0,39134438305710173","2,3108321414046795","3,730447920369695","2,6014863334748717"
2002Q1,"114,94","113,16000000000001","0,007725360108645107","112,31","111,19500000000001","-0,0010555867490172899","101,3","103,71","-0,031155121677799102","110,8","108,02","0,034203786591349816","150,21","150,72750000000002","0,053854221289984405","105,45","112,3125","-0,0655614951016078","115,3","113,1975","0,013202354046857323","126,71","125,63250000000001","0,06265595263269197","105,96","103,86500000000001","-0,019030978466188064","137,65","127,08500000000001","0,07197233293266714","102,15","101,4025","-0,0086036223205338","106,74","104,405","-0,1009450819142752","106,9","105,315","-0,0302039688751784","116,94","115,6275","0,022098959139024377","105,04","106,965","-0,0030756326017055136","120,13","116,42249999999999","0,013780041797283094","177,17","171,805","0,05758694983071733","109,6","107,6","0,022085015435763466","120,2","118,9775","0,027594843780364142","111,69","109,355","0,011165306641392592","119,1","117,7675","0,03625244726016841",False,"0,027690779072937793","0,02568713387767391","0,023276419415583716","0,024340257921444917","0,07397545967935994","0,04190635239958875","0,0274297224583647","0,03583816883677736","0,018320971303483854","0,04619800784453082","0,015301476257027314","0,02517911057049524","0,01928823104575737","0,03016340409323692","0,022639498788086285","0,024388542438151098","0,06797916171486836","0,03783961162490513","0,03688361951007072","0,023172326804098663","0,025756128970538847",1T2002,2002-01-01,"0,7725360108645107","2,7690779072937795","-0,10555867490172899","2,568713387767391","-3,1155121677799102","2,3276419415583716","3,4203786591349816","2,434025792144492","5,3854221289984405","7,397545967935994","-6,556149510160781","4,190635239958875","1,3202354046857323","2,7429722458364703","6,265595263269197","3,583816883677736","-1,9030978466188064","1,8320971303483855","7,197233293266714","4,619800784453082","-0,8603622320533799","1,5301476257027313","-10,09450819142752","2,517911057049524","-3,02039688751784","1,928823104575737","2,2098959139024377","3,016340409323692","-0,30756326017055136","2,2639498788086283","1,3780041797283094","2,43885424381511","5,758694983071733","6,797916171486835","2,2085015435763466","3,783961162490513","2,759484378036414","3,688361951007072","1,1165306641392592","2,3172326804098664","3,625244726016841","2,5756128970538845"
2002Q2,"115,2","113,69250000000001","0,006774257820282958","113,59","111,395","-0,006776336320271081","103,62","102,74","-0,04651864225888036","110,93","109,0925","0,0388277865066895","138,18","146,595","-0,010446023254636505","102,95","107,14","-0,1336096229657333","115,34","113,855","0,013034967523801289","129,72","127,74000000000001","0,07249905545527069","107,29","104,3475","-0,01635519524898077","142,85","132,7525","0,09853531383176795","103,23","101,68","-0,009015155206861136","112,48","104,15","-0,09797553318176899","111,37","106,1975","-0,022617458929639622","117,81","116,31750000000001","0,02039607868938753","105,36","106,07","-0,023656111929307833","118,32","117,35499999999999","0,023548907592342072","175,63","173,5875","0,04980269424411499","109,34","108,4725","0,028516569478025833","121,69","119,9425","0,025193384332663715","112,7","110,19","0,01644258930424547","119,36","118,5075","0,03317277304330757",False,"0,027563298006400554","0,02564933008220919","0,02323294454269688","0,02419045991017938","0,07336646555490871","0,04189412923142141","0,02729770202154755","0,035849980408505254","0,0181846292293933","0,045917024146471926","0,015072977523395606","0,025206783518812236","0,01921890752407703","0,03001789491426546","0,022530989335993953","0,02422623177478917","0,06761314753034589","0,03770660608202773","0,0367012785936127","0,023236332194150534","0,025497394606328976",2T2002,2002-04-01,"0,6774257820282958","2,756329800640055","-0,6776336320271081","2,564933008220919","-4,651864225888036","2,323294454269688","3,88277865066895","2,419045991017938","-1,0446023254636505","7,336646555490871","-13,36096229657333","4,189412923142141","1,3034967523801289","2,729770202154755","7,249905545527069","3,5849980408505253","-1,635519524898077","1,81846292293933","9,853531383176794","4,591702414647193","-0,9015155206861136","1,5072977523395605","-9,797553318176899","2,5206783518812235","-2,2617458929639622","1,921890752407703","2,039607868938753","3,0017894914265457","-2,3656111929307833","2,253098933599395","2,354890759234207","2,422623177478917","4,980269424411499","6,761314753034589","2,8516569478025833","3,770660608202773","2,5193384332663715","3,6701278593612696","1,644258930424547","2,3236332194150533","3,317277304330757","2,549739460632898"
2002Q3,"116,8","114,77250000000001","0,014877531169864788","112,48","112,1625","0,004320379656160389","105,24","102,555","-0,051053690809410246","111,15","110,21","0,04025673698617194","176,43","153,20250000000001","0,027118984965556647","102,11","104,315","-0,14641081766667352","117,08","115,0375","0,021284623579545414","138,82","131,435","0,08673363925751376","108,05","105,84","0,004603483460680513","141,69","137,57","0,12467298888162182","103,34","102,38250000000001","-0,0010488828178357723","112,14","107,46000000000001","-0,036060279870828715","111,06","108,06500000000001","0,006215228473660961","119,05","117,3175","0,024539877300613577","106,54","105,7625","-0,029857591671061945","120,62","118,7575","0,035352324491619624","180,48","176,22750000000002","0,05693165802021172","111,85","109,735","0,03662943107479388","123,66","121,3125","0,029926774912448106","113,1","111,455","0,02958361238770446","120,16","119,1525","0,028839719373988215",False,"0,027435816939863314","0,025611526286744464","0,023189469669810038","0,02404066189891384","0,07275747143045748","0,04188190606325408","0,027165681584730393","0,03586179198023315","0,01804828715530275","0,04563604044841304","0,014844478789763901","0,025234456467129237","0,019149584002396688","0,029872385735293997","0,022422479883901624","0,024063921111427244","0,06724713334582344","0,03757360053915033","0,036518937677154674","0,023300337584202406","0,025238660242119102",3T2002,2002-07-01,"1,4877531169864788","2,7435816939863313","0,4320379656160389","2,5611526286744466","-5,105369080941024","2,3189469669810037","4,025673698617194","2,404066189891384","2,7118984965556647","7,275747143045748","-14,641081766667352","4,188190606325408","2,1284623579545414","2,7165681584730392","8,673363925751376","3,5861791980233146","0,4603483460680513","1,804828715530275","12,467298888162182","4,563604044841304","-0,10488828178357723","1,4844478789763902","-3,6060279870828715","2,523445646712924","0,6215228473660961","1,9149584002396687","2,4539877300613577","2,9872385735293996","-2,9857591671061945","2,2422479883901625","3,5352324491619624","2,4063921111427247","5,693165802021172","6,7247133345823435","3,6629431074793883","3,7573600539150327","2,9926774912448106","3,6518937677154675","2,958361238770446","2,3300337584202406","2,8839719373988215","2,52386602421191"
2002Q4,"117,99","116,23249999999999","0,03020163970751155","112,02","112,6","0,012977082068236445","107,47","104,4075","-0,014767982259548451","111,05","110,9825","0,03811706381685109","177,38","160,55","0,06552073136334235","97,83","102,085","-0,1354407063157672","118,49","116,5525","0,03558497523267956","142,77","134,505","0,08279665110288192","111,29","108,14750000000001","0,037883877159309076","142,61","141,2","0,15300602225170956","107,35","104,0175","0,020930460813662455","114,25","111,4025","0,042386956420033206","114,62","110,98750000000001","0,04655822725129655","119,72","118,38","0,031094852364776493","105,11","105,5125","-0,024139286457490305","118,82","119,4725","0,039659748509768056","184,01","179,3225","0,06235281920644553","111,72","110,6275","0,03878025305758337","125,71","122,815","0,03847292098253918","114,54","113,0075","0,044672983591402815","120,9","119,88","0,027095337031721733",False,"0,027308335873326074","0,025573722491279743","0,023145994796923197","0,0238908638876483","0,07214847730600624","0,041869682895086746","0,027033661147913238","0,035873603551961036","0,0179119450812122","0,045355056750354145","0,014615980056132195","0,025262129415446234","0,019080260480716347","0,029726876556322536","0,022313970431809292","0,023901610448065318","0,06688111916130098","0,037440594996272926","0,03633659676069665","0,023364342974254278","0,02497992587790923",4T2002,2002-10-01,"3,020163970751155","2,7308335873326075","1,2977082068236445","2,5573722491279742","-1,4767982259548451","2,31459947969232","3,8117063816851093","2,38908638876483","6,5520731363342355","7,214847730600623","-13,544070631576721","4,186968289508675","3,558497523267956","2,703366114791324","8,279665110288192","3,5873603551961035","3,7883877159309076","1,79119450812122","15,300602225170955","4,535505675035415","2,0930460813662455","1,4615980056132194","4,238695642003321","2,5262129415446233","4,655822725129655","1,9080260480716347","3,1094852364776493","2,9726876556322535","-2,4139286457490305","2,2313970431809294","3,9659748509768056","2,390161044806532","6,235281920644553","6,688111916130097","3,878025305758337","3,7440594996272925","3,8472920982539183","3,633659676069665","4,4672983591402815","2,336434297425428","2,7095337031721733","2,497992587790923"
2003Q1,"117,47","116,865","0,0327412513255565","112,25","112,585","0,012500562075632882","104,36","105,1725","0,014101822389354979","110,01","110,785","0,025597111645991433","171,22","165,8025","0,1000149276011344","99,52","100,60249999999999","-0,10426265998887041","117,66","117,1425","0,034850592990127716","146,07","139,345","0,10914771257437361","105,43","108,015","0,03995571174120238","140,07","141,805","0,11582798914112602","99,99","103,47749999999999","0,020463006336135514","116,15","113,755","0,08955509793592253","106,03","110,77000000000001","0,05179698998243376","119,1","118,91999999999999","0,0284750599987027","104,71","105,42999999999999","-0,014350488477539503","112,45","117,5525","0,009706027614936996","182,85","180,74249999999998","0,05202118681062817","106,98","109,9725","0,02204925650557632","128,55","124,9025","0,04979933180643403","114,38","113,68","0,03955008915916047","121,29","120,42750000000001","0,02258687668499393",True,"0,027180854806788834","0,02553591869581502","0,02310251992403636","0,02374106587638276","0,07153948318155501","0,041857459726919406","0,026901640711096086","0,03588541512368893","0,017775603007121648","0,04507407305229526","0,014387481322500489","0,025289802363763235","0,019010936959036006","0,02958136737735107","0,022205460979716964","0,02373929978470339","0,06651510497677851","0,037307589453395525","0,03615425584423863","0,02342834836430615","0,02472119151369936",1T2003,2003-01-01,"3,2741251325556497","2,7180854806788837","1,2500562075632882","2,5535918695815023","1,4101822389354979","2,3102519924036358","2,5597111645991433","2,374106587638276","10,00149276011344","7,153948318155501","-10,426265998887041","4,185745972691941","3,4850592990127716","2,6901640711096086","10,914771257437362","3,5885415123688933","3,995571174120238","1,7775603007121648","11,582798914112601","4,507407305229526","2,0463006336135514","1,4387481322500488","8,955509793592253","2,5289802363763236","5,179698998243376","1,9010936959036007","2,84750599987027","2,9581367377351073","-1,4350488477539503","2,220546097971696","0,9706027614936996","2,373929978470339","5,202118681062817","6,651510497677851","2,204925650557632","3,7307589453395527","4,979933180643403","3,6154255844238627","3,9550089159160473","2,342834836430615","2,258687668499393","2,472119151369936"
2003Q2,"116,48","117,185","0,030718824900499042","111,3","112,0125","0,005543336774541219","97,03","103,525","0,007640646291610098","111,19","110,85","0,01611018172651635","177,18","175,5525","0,19753402230635442","98,82","99,57","-0,07065521747246595","116,89","117,53","0,032277897325545535","146,01","143,4175","0,12272976358227639","106,31","107,77000000000001","0,03279906083039852","140,99","141,34","0,06468804730607713","105,77","104,1125","0,023923092053501183","113,94","114,11999999999999","0,09572731637061915","98,05","107,44","0,011699898773511519","118,62","119,1225","0,02411502998259074","103,98","105,08500000000001","-0,009286320354482736","115,64","116,8825","-0,004026245153593733","184,24","182,89499999999998","0,05361849211492742","104,07","108,655","0,0016824540782225395","127,97","126,4725","0,05444275381953845","112,08","113,525","0,03026590434703702","123,23","121,39500000000001","0,024365546484399925",True,"0,027053373740251595","0,025498114900350297","0,02305904505114952","0,023591267865117223","0,07093048905710378","0,04184523655875207","0,02676962027427893","0,035897226695416826","0,017639260933031097","0,044793089354236364","0,014158982588868782","0,025317475312080236","0,01894161343735567","0,02943585819837961","0,022096951527624635","0,02357698912134146","0,06614909079225605","0,03717458391051812","0,035971914927780596","0,02349235375435802","0,02446245714948949",2T2003,2003-04-01,"3,071882490049904","2,7053373740251594","0,5543336774541219","2,5498114900350295","0,7640646291610098","2,305904505114952","1,6110181726516348","2,3591267865117223","19,75340223063544","7,093048905710378","-7,065521747246595","4,184523655875207","3,2277897325545535","2,676962027427893","12,272976358227638","3,5897226695416826","3,279906083039852","1,7639260933031098","6,468804730607713","4,479308935423636","2,3923092053501183","1,4158982588868783","9,572731637061915","2,5317475312080235","1,169989877351152","1,8941613437355669","2,411502998259074","2,943585819837961","-0,9286320354482736","2,2096951527624635","-0,40262451535937327","2,357698912134146","5,361849211492742","6,614909079225605","0,16824540782225395","3,7174583910518124","5,444275381953845","3,5971914927780597","3,026590434703702","2,349235375435802","2,4365546484399925","2,446245714948949"
2003Q3,"117,58","117,38","0,022718856869023307","111,69","111,815","-0,0030981834392064256","97,69","101,6375","-0,008946418994685845","113,38","111,4075","0,010865620179657087","178,78","176,14","0,14972014164259706","98,46","98,6575","-0,05423476968796437","118,23","117,8175","0,024166032815386318","141,81","144,165","0,09685395823030385","110,0","108,25750000000001","0,02284108087679515","145,41","142,27","0,03416442538344122","111,59","106,175","0,037042463311601104","115,58","114,97999999999999","0,06997952726595935","97,61","104,0775","-0,03689908851154411","119,73","119,2925","0,016834658085963294","103,47","104,3175","-0,013662687625576209","118,77","116,41999999999999","-0,01968296739153319","183,72","183,70499999999998","0,04243094863174002","108,0","107,6925","-0,01861302228094963","126,75","127,245","0,04890262751159202","112,98","113,495","0,018303351128258205","124,43","122,4625","0,027779526237384777",False,"0,026925892673714355","0,025460311104885575","0,023015570178262678","0,023441469853851683","0,07032149493265255","0,04183301339058474","0,02663759983746178","0,03590903826714472","0,017502918858940546","0,04451210565617748","0,013930483855237076","0,025345148260397233","0,018872289915675328","0,02929034901940815","0,021988442075532303","0,023414678457979534","0,06578307660773358","0,03704157836764073","0,03578957401132257","0,023556359144409893","0,024203722785279616",3T2003,2003-07-01,"2,2718856869023307","2,6925892673714356","-0,30981834392064256","2,5460311104885576","-0,8946418994685845","2,301557017826268","1,0865620179657087","2,3441469853851684","14,972014164259706","7,032149493265255","-5,423476968796437","4,183301339058474","2,416603281538632","2,6637599837461776","9,685395823030385","3,590903826714472","2,284108087679515","1,7502918858940546","3,416442538344122","4,451210565617748","3,7042463311601104","1,3930483855237077","6,997952726595935","2,5345148260397234","-3,689908851154411","1,8872289915675329","1,6834658085963294","2,929034901940815","-1,3662687625576209","2,1988442075532304","-1,968296739153319","2,341467845797953","4,243094863174002","6,578307660773358","-1,8613022280949632","3,704157836764073","4,890262751159202","3,578957401132257","1,8303351128258205","2,355635914440989","2,7779526237384777","2,4203722785279616"
2003Q4,"118,8","117,5825","0,011614651667993137","112,65","111,9725","-0,005572824156305445","102,07","100,28750000000001","-0,03946076670737242","116,34","112,73","0,01574572567747179","186,12","178,325","0,11071317346620968","108,8","101,4","-0,0067100945290687886","119,24","118,005","0,0124621951481092","144,26","144,5375","0,07458830526746207","111,27","108,2525","0,0009708962296861579","163,63","147,525","0,04479461756373948","109,76","106,7775","0,026533996683250516","116,56","115,5575","0,0372971881241444","102,95","101,16","-0,08854600743326968","120,93","119,595","0,01026355803345158","108,22","105,095","-0,003956877147257454","120,43","116,8225","-0,02218083659419523","183,02","183,45749999999998","0,023059013788007565","110,0","107,2625","-0,030417391697362683","127,05","127,58","0,03879819240320814","112,49","112,9825","-0,0002212242550272414","125,99","123,735","0,03215715715715728",False,"0,026798411607177115","0,02542250730942085","0,02297209530537584","0,023291671842586143","0,06971250080820132","0,0418207902224174","0,026505579400644623","0,03592084983887261","0,017366576784849992","0,04423112195811858","0,013701985121605371","0,025372821208714234","0,018802966393994987","0,029144839840436688","0,021879932623439974","0,023252367794617607","0,06541706242321112","0,03690857282476333","0,03560723309486455","0,02362036453446176","0,023944988421069745",4T2003,2003-10-01,"1,1614651667993137","2,6798411607177117","-0,5572824156305445","2,542250730942085","-3,946076670737242","2,297209530537584","1,574572567747179","2,329167184258614","11,071317346620969","6,971250080820132","-0,6710094529068789","4,18207902224174","1,24621951481092","2,6505579400644623","7,458830526746207","3,592084983887261","0,09708962296861579","1,7366576784849992","4,479461756373948","4,423112195811858","2,6533996683250516","1,3701985121605371","3,72971881241444","2,5372821208714234","-8,854600743326968","1,8802966393994986","1,026355803345158","2,914483984043669","-0,3956877147257454","2,1879932623439973","-2,218083659419523","2,3252367794617608","2,3059013788007565","6,541706242321112","-3,0417391697362683","3,690857282476333","3,8798192403208143","3,560723309486455","-0,02212242550272414","2,362036453446176","3,215715715715728","2,3944988421069744"
2004Q1,"120,44","118,325","0,012493047533478796","113,25","112,2225","-0,0032197894923835513","105,45","100,56","-0,04385652142908081","114,1","113,7525","0,026786117254140818","194,41","184,1225","0,11049290571613812","107,18","103,315","0,026962550632439575","120,87","118,8075","0,014213457967859666","145,96","144,51","0,03706627435501808","113,04","110,155","0,019812063139378777","143,24","148,3175","0,04592574309791608","113,1","110,055","0,06356454301659786","117,26","115,83500000000001","0,01828491055338244","106,93","101,385","-0,08472510607565231","122,93","120,5525","0,013727716111671784","111,51","106,795","0,012946979038224393","121,01","118,9625","0,011994640692456704","185,28","184,065","0,018382505498153456","107,74","107,4525","-0,02291481961399433","129,56","127,8325","0,0234582974720281","112,93","112,61999999999999","-0,00932441942294171","128,82","125,61749999999999","0,04309646882979368",False,"0,026670930540639876","0,02538470351395613","0,022928620432489","0,023141873831320603","0,06910350668375008","0,04180856705425007","0,026373558963827468","0,0359326614106005","0,01723023471075944","0,043950138260059696","0,013473486387973663","0,02540049415703123","0,018733642872314646","0,028999330661465227","0,021771423171347642","0,02309005713125568","0,06505104823868865","0,036775567281885926","0,035424892178406525","0,023684369924513633","0,023686254056859875",1T2004,2004-01-01,"1,2493047533478796","2,6670930540639874","-0,3219789492383551","2,538470351395613","-4,38565214290808","2,2928620432489","2,6786117254140818","2,3141873831320603","11,049290571613813","6,910350668375008","2,6962550632439575","4,180856705425007","1,4213457967859666","2,6373558963827466","3,706627435501808","3,59326614106005","1,9812063139378777","1,7230234710759442","4,592574309791608","4,39501382600597","6,356454301659786","1,3473486387973663","1,8284910553382439","2,5400494157031233","-8,472510607565232","1,8733642872314646","1,3727716111671784","2,899933066146523","1,2946979038224393","2,177142317134764","1,1994640692456704","2,309005713125568","1,8382505498153456","6,505104823868865","-2,291481961399433","3,6775567281885926","2,34582974720281","3,5424892178406524","-0,932441942294171","2,3684369924513633","4,309646882979368","2,3686254056859877"
2004Q2,"123,76","120,145","0,025259205529717832","114,8","113,0975","0,00968641892645894","108,94","103,5375","0,0001207437816952428","118,31","115,5325","0,04224176815516478","200,71","190,005","0,08232579997436651","111,26","106,425","0,06884603796324207","124,08","120,605","0,026163532715051563","148,49","145,13","0,011940662750361763","115,85","112,53999999999999","0,04426092604620924","145,96","149,56","0,05815763407386454","114,28","112,1825","0,07751230639932771","123,95","118,3375","0,036956712232737665","111,23","104,68","-0,025688756515264255","124,94","122,13250000000001","0,025268106361098885","113,77","109,24249999999999","0,039563210734167464","122,72","120,7325","0,032939062733942315","189,08","185,275","0,013012930916646237","115,61","110,3375","0,015484791311950685","133,24","129,15","0,021170610211706187","116,33","113,6825","0,0013873596124200915","126,97","126,55250000000001","0,042485275340829576",False,"0,026543449474102636","0,025346899718491404","0,02288514555960216","0,022992075820055066","0,06849451255929885","0,041796343886082735","0,026241538527010316","0,0359444729823284","0,01709389263666889","0,0436691545620008","0,013244987654341959","0,02542816710534823","0,018664319350634305","0,028853821482493762","0,021662913719255314","0,022927746467893754","0,0646850340541662","0,036642561739008525","0,0352425512619485","0,023748375314565504","0,02342751969265",2T2004,2004-04-01,"2,525920552971783","2,6543449474102636","0,968641892645894","2,5346899718491405","0,01207437816952428","2,288514555960216","4,224176815516478","2,2992075820055065","8,232579997436652","6,8494512559298855","6,884603796324207","4,179634388608274","2,6163532715051563","2,6241538527010317","1,1940662750361763","3,59444729823284","4,426092604620924","1,709389263666889","5,815763407386454","4,36691545620008","7,751230639932771","1,324498765434196","3,6956712232737665","2,542816710534823","-2,5688756515264255","1,8664319350634304","2,5268106361098885","2,885382148249376","3,9563210734167464","2,1662913719255315","3,2939062733942315","2,2927746467893755","1,3012930916646237","6,46850340541662","1,5484791311950685","3,6642561739008523","2,1170610211706187","3,5242551261948503","0,13873596124200915","2,3748375314565506","4,248527534082958","2,342751969265"
2004Q3,"125,34","122,08500000000001","0,04008348952121321","117,16","114,465","0,023699861378169373","111,15","106,9025","0,05180174640265656","118,24","116,7475","0,047932141013845575","204,33","196,3925","0,11497956171227441","111,27","109,6275","0,11119276284114243","125,65","122,46","0,039404163218537125","148,48","146,7975","0,01826032670897937","120,04","115,05","0,06274392074452106","148,17","150,25","0,056090532086876976","119,02","114,03999999999999","0,07407581822462905","123,64","120,35249999999999","0,04672551748130105","116,25","109,34","0,050563282169537205","126,17","123,7425","0,037303267179412014","116,25","112,4375","0,07783928870994794","122,98","121,78500000000001","0,046083147225562726","193,12","187,625","0,021338559102909604","108,28","110,4075","0,025210669266662045","137,43","131,82","0,03595426146410463","117,9","114,9125","0,01248953698400812","128,47","127,56249999999999","0,04164540165356723",False,"0,026415968407565396","0,025309095923026683","0,02284167068671532","0,022842277808789526","0,06788551843484761","0,041784120717915395","0,02610951809019316","0,03595628455405629","0,01695755056257834","0,043388170863941915","0,013016488920710252","0,025455840053665232","0,018594995828953964","0,0287083123035223","0,021554404267162985","0,022765435804531824","0,06431901986964374","0,036509556196131124","0,03506021034549048","0,023812380704617376","0,02316878532844013",3T2004,2004-07-01,"4,008348952121321","2,6415968407565398","2,3699861378169373","2,530909592302668","5,180174640265656","2,284167068671532","4,7932141013845575","2,2842277808789526","11,497956171227441","6,788551843484761","11,119276284114243","4,17841207179154","3,9404163218537125","2,610951809019316","1,8260326708979369","3,5956284554056293","6,2743920744521064","1,695755056257834","5,609053208687698","4,338817086394191","7,407581822462905","1,3016488920710252","4,672551748130105","2,545584005366523","5,0563282169537205","1,8594995828953964","3,7303267179412014","2,87083123035223","7,783928870994794","2,1554404267162983","4,608314722556273","2,276543580453182","2,1338559102909604","6,431901986964374","2,5210669266662045","3,6509556196131125","3,595426146410463","3,5060210345490477","1,248953698400812","2,3812380704617375","4,164540165356723","2,316878532844013"
2004Q4,"126,29","123,9575","0,054217251716879744","120,04","116,3125","0,03875951684565404","109,28","108,705","0,08393369063941147","117,76","117,10249999999999","0,03878736804754723","211,04","202,6225","0,136254030562176","115,62","111,33250000000001","0,09795364891518732","126,57","124,2925","0,053281640608448866","146,73","147,41500000000002","0,019908328288506638","119,83","117,19","0,08256160365811405","150,72","147,0225","-0,0034062023385866835","119,68","116,52","0,09124113226101005","125,16","122,50250000000001","0,060099950241222055","113,13","111,885","0,10602016607354692","128,25","125,5725","0,0499811865044526","116,4","114,4825","0,08932394500214103","124,97","122,92","0,05219456868325878","197,65","191,28250000000003","0,042652930515242105","114,4","111,5075","0,03957580701549923","138,12","134,5875","0,05492632073992798","120,99","117,03750000000001","0,03589051401765775","129,52","128,445","0,03806522002666979",False,"0,026288487341028156","0,02527129212756196","0,02279819581382848","0,022692479797523986","0,06727652431039638","0,04177189754974806","0,025977497653376008","0,03596809612578418","0,01682120848848779","0,04310718716588302","0,012787990187078546","0,02548351300198223","0,018525672307273623","0,02856280312455084","0,021445894815070653","0,022603125141169897","0,06395300568512127","0,03637655065325372","0,034877869429032454","0,023876386094669248","0,02291005096423026",4T2004,2004-10-01,"5,421725171687974","2,6288487341028155","3,875951684565404","2,5271292127561957","8,393369063941147","2,279819581382848","3,8787368047547233","2,269247979752399","13,6254030562176","6,727652431039638","9,795364891518732","4,1771897549748065","5,328164060844887","2,5977497653376007","1,9908328288506638","3,596809612578418","8,256160365811404","1,6821208488487789","-0,34062023385866835","4,310718716588302","9,124113226101006","1,2787990187078546","6,0099950241222055","2,548351300198223","10,602016607354692","1,8525672307273624","4,99811865044526","2,856280312455084","8,932394500214102","2,144589481507065","5,219456868325878","2,2603125141169897","4,2652930515242105","6,395300568512127","3,957580701549923","3,6376550653253723","5,492632073992798","3,4877869429032455","3,589051401765775","2,387638609466925","3,806522002666979","2,2910050964230257"
2005Q1,"127,41","125,7","0,06232833298119589","119,32","117,83000000000001","0,04996769809975743","107,29","109,165","0,08557080350039792","118,35","118,165","0,03879035625590643","220,53","209,15249999999997","0,13594210376244065","118,52","114,16749999999999","0,10504283017954785","127,81","126,02749999999999","0,06077057424825871","150,44","148,535","0,027852743754757547","118,5","118,55499999999999","0,0762561844673415","147,49","148,085","-0,0015675830566183047","117,85","117,70750000000001","0,0695334151106266","126,4","124,7875","0,07728665774593169","109,49","112,525","0,10987818710854658","128,33","126,92250000000001","0,05284004894133276","116,88","115,825","0,08455452034271271","128,13","124,69999999999999","0,048229484081117935","199,29","194,78500000000003","0,05824029554776855","116,34","113,6575","0,05774644610409241","138,12","136,72750000000002","0,06958324369780788","120,11","118,83250000000001","0,05516338128218812","129,68","128,66","0,024220351463769108",False,"0,026161006274490917","0,025233488332097237","0,02275472094094164","0,02254268178625845","0,06666753018594515","0,04175967438158073","0,025845477216558853","0,035979907697512074","0,01668486641439724","0,042826203467824134","0,01255949145344684","0,02551118595029923","0,018456348785593286","0,02841729394557938","0,021337385362978325","0,02244081447780797","0,06358699150059881","0,03624354511037632","0,03469552851257443","0,02394039148472112","0,022651316600020385",1T2005,2005-01-01,"6,232833298119589","2,6161006274490917","4,996769809975743","2,523348833209724","8,557080350039792","2,275472094094164","3,8790356255906433","2,254268178625845","13,594210376244064","6,666753018594515","10,504283017954785","4,1759674381580725","6,077057424825871","2,5845477216558854","2,7852743754757547","3,5979907697512075","7,62561844673415","1,668486641439724","-0,15675830566183047","4,282620346782413","6,953341511062661","1,255949145344684","7,728665774593169","2,551118595029923","10,987818710854658","1,8456348785593286","5,284004894133276","2,841729394557938","8,455452034271271","2,1337385362978325","4,8229484081117935","2,244081447780797","5,824029554776855","6,358699150059881","5,774644610409241","3,624354511037632","6,958324369780788","3,469552851257443","5,516338128218812","2,3940391484721117","2,4220351463769108","2,2651316600020386"
2005Q2,"128,75","126,9475","0,05661908527196302","120,32","119,21000000000001","0,054046287495302936","112,38","110,025","0,062658457080768","119,01","118,34","0,02430052149827966","222,98","214,72","0,13007552432830716","121,08","116,6225","0,09581865163260517","128,95","127,24499999999999","0,05505576054060768","152,41","149,515","0,030214290635981467","121,14","119,8775","0,06519904034121216","160,62","151,75","0,014642952661139352","121,45","119,5","0,06522853386223337","125,65","125,2125","0,05809654589627122","112,15","112,755","0,07713985479556729","129,93","128,17000000000002","0,049434016334718445","118,75","117,07000000000001","0,07165251619104307","127,6","125,91999999999999","0,04296688961133066","203,69","198,4375","0,07104304412360007","116,13","113,7875","0,03126770137079404","138,91","138,145","0,06964769647696478","122,46","120,365","0,05878213445341185","129,87","129,385","0,022382015369115438",False,"0,026033525207953677","0,025195684536632512","0,022711246068054802","0,02239288377499291","0,06605853606149392","0,041747451213413396","0,025713456779741697","0,03599171926923997","0,016548524340306688","0,04254521976976525","0,012330992719815134","0,025538858898616228","0,018387025263912945","0,028271784766607917","0,021228875910885993","0,022278503814446043","0,06322097731607634","0,03611053956749893","0,03451318759611641","0,02400439687477299","0,022392582235810515",2T2005,2005-04-01,"5,661908527196302","2,603352520795368","5,404628749530294","2,5195684536632514","6,2658457080768","2,27112460680548","2,430052149827966","2,239288377499291","13,007552432830716","6,605853606149392","9,581865163260517","4,174745121341339","5,505576054060768","2,5713456779741697","3,0214290635981467","3,599171926923997","6,5199040341212156","1,6548524340306687","1,4642952661139352","4,254521976976525","6,522853386223337","1,2330992719815133","5,809654589627122","2,553885889861623","7,713985479556729","1,8387025263912944","4,9434016334718445","2,8271784766607917","7,165251619104307","2,1228875910885994","4,296688961133066","2,2278503814446045","7,104304412360007","6,322097731607634","3,1267701370794043","3,6110539567498927","6,964769647696478","3,451318759611641","5,878213445341185","2,400439687477299","2,2382015369115438","2,2392582235810514"
2005Q3,"128,02","127,6175","0,04531678748412982","122,24","120,47999999999999","0,05254881404796219","111,7","110,16250000000001","0,030495077290054073","120,25","118,8425","0,01794470973682527","226,71","220,315","0,12180964140687656","119,43","118,6625","0,08241545232719893","128,03","127,84","0,04393271272252175","145,23","148,7025","0,012977060236039284","118,55","119,505","0,03872229465449806","158,33","154,29000000000002","0,026888519134775413","117,79","119,19250000000001","0,04518151525780434","126,14","125,8375","0,04557445836189533","107,81","110,645","0,011935247850740849","130,79","129,325","0,045113845283552445","118,36","117,5975","0,04589216231239579","126,49","126,79749999999999","0,04115859917066933","203,7","201,0825","0,07172551632245172","118,98","116,4625","0,05484228879378672","140,62","138,9425","0,054032013351539954","123,94","121,875","0,060589579027521046","130,51","129,895","0,01828515433611",False,"0,025906044141416437","0,02515788074116779","0,02266777119516796","0,02224308576372737","0,0654495419370427","0,041735228045246056","0,025581436342924545","0,03600353084096786","0,016412182266216137","0,04226423607170635","0,012102493986183429","0,02556653184693323","0,018317701742232604","0,028126275587636453","0,021120366458793664","0,022116193151084117","0,06285496313155388","0,035977534024621526","0,034330846679658376","0,02406840226482486","0,022133847871600644",3T2005,2005-07-01,"4,531678748412982","2,5906044141416436","5,254881404796219","2,515788074116779","3,0495077290054073","2,2667771195167963","1,794470973682527","2,224308576372737","12,180964140687657","6,544954193704269","8,241545232719893","4,173522804524605","4,393271272252175","2,5581436342924544","1,2977060236039284","3,6003530840967857","3,8722294654498057","1,6412182266216138","2,6888519134775413","4,226423607170635","4,518151525780434","1,210249398618343","4,557445836189533","2,5566531846933227","1,1935247850740849","1,8317701742232604","4,5113845283552445","2,812627558763645","4,589216231239579","2,1120366458793662","4,115859917066933","2,2116193151084116","7,172551632245172","6,285496313155388","5,484228879378672","3,5977534024621525","5,403201335153995","3,4330846679658378","6,0589579027521046","2,406840226482486","1,8285154336109999","2,2133847871600643"
2005Q4,"129,64","128,455","0,036282596857794225","124,01","121,4725","0,04436324556689941","111,89","110,815","0,019410330711558732","120,22","119,45750000000001","0,020110586879016346","230,45","225,16750000000002","0,111266024256931","123,7","120,6825","0,08398266454090209","129,39","128,545","0,034213649254781986","146,51","148,64749999999998","0,008360750262863093","120,03","119,555","0,02018090280740692","161,39","156,95749999999998","0,06757469094866408","119,54","119,1575","0,022635599038791643","127,25","126,36","0,03148915328258606","109,22","109,6675","-0,019819457478661096","131,75","130,2","0,036851221405960644","119,45","118,36","0,03386980542877738","128,73","127,7375","0,039192157500813396","203,25","202,48250000000002","0,05855214146615606","120,47","117,98","0,058045422953613146","142,4","140,0125","0,04030834958670004","124,52","122,7575","0,048873224393890746","130,81","130,2175","0,013799680797228486",False,"0,025778563074879197","0,02512007694570307","0,02262429632228112","0,02209328775246183","0,06484054781259145","0,04172300487707872","0,02544941590610739","0,03601534241269575","0,016275840192125583","0,04198325237364746","0,011873995252551721","0,02559420479525023","0,018248378220552263","0,02798076640866499","0,021011857006701332","0,02195388248772219","0,06248894894703142","0,035844528481744124","0,03414850576320035","0,02413240765487673","0,02187511350739077",4T2005,2005-10-01,"3,6282596857794225","2,5778563074879197","4,436324556689941","2,512007694570307","1,9410330711558732","2,262429632228112","2,0110586879016346","2,209328775246183","11,1266024256931","6,484054781259145","8,398266454090209","4,172300487707872","3,4213649254781986","2,544941590610739","0,8360750262863093","3,601534241269575","2,018090280740692","1,6275840192125584","6,7574690948664085","4,198325237364746","2,2635599038791643","1,1873995252551721","3,1489153282586058","2,559420479525023","-1,9819457478661096","1,8248378220552264","3,6851221405960644","2,798076640866499","3,3869805428777378","2,101185700670133","3,9192157500813396","2,195388248772219","5,855214146615606","6,248894894703142","5,804542295361315","3,5844528481744122","4,030834958670004","3,414850576320035","4,887322439389075","2,4132407654876733","1,3799680797228486","2,187511350739077"
2006Q1,"131,74","129,5375","0,030529037390612412","125,28","122,96249999999999","0,043558516506831735","117,32","113,32249999999999","0,038084550909174064","121,84","120,33","0,01832183810773058","234,96","228,775","0,09381910328588017","133,74","124,48750000000001","0,09039350077736685","131,59","129,49","0,027474162385193956","151,48","148,9075","0,0025078264382132343","121,33","120,2625","0,014402597950318397","165,35","161,42249999999999","0,0900665158523819","120,57","119,8375","0,01809570333241295","128,19","126,8075","0,016187518781929366","110,46","109,91","-0,02323928015996457","133,91","131,595","0,036813803699107694","122,92","119,87","0,03492337578243032","130,65","128,3675","0,02941058540497199","201,32","202,98999999999998","0,04212336678902351","126,35","120,4825","0,06004883091744939","143,48","141,3525","0,033826406538552733","125,41","124,08249999999998","0,044179832958155085","133,63","131,20499999999998","0,019780817658946015",False,"0,025651082008341958","0,025082273150238345","0,02258082144939428","0,02194348974119629","0,06423155368814022","0,04171078170891139","0,025317395469290238","0,036027153984423646","0,016139498118035032","0,04170226867558857","0,011645496518920016","0,025621877743567226","0,018179054698871922","0,02783525722969353","0,020903347554609004","0,021791571824360263","0,062122934762508956","0,03571152293886672","0,03396616484674233","0,024196413044928602","0,0216163791431809",1T2006,2006-01-01,"3,0529037390612412","2,565108200834196","4,3558516506831735","2,5082273150238343","3,8084550909174064","2,258082144939428","1,8321838107730581","2,1943489741196287","9,381910328588017","6,423155368814022","9,039350077736685","4,171078170891139","2,7474162385193956","2,531739546929024","0,2507826438213234","3,6027153984423648","1,4402597950318397","1,6139498118035032","9,00665158523819","4,170226867558857","1,809570333241295","1,1645496518920015","1,6187518781929366","2,5621877743567225","-2,323928015996457","1,8179054698871921","3,6813803699107694","2,783525722969353","3,492337578243032","2,0903347554609004","2,941058540497199","2,1791571824360263","4,212336678902351","6,2122934762508955","6,004883091744939","3,5711522938866724","3,3826406538552733","3,396616484674233","4,4179832958155085","2,41964130449286","1,9780817658946015","2,16163791431809"
2006Q2,"132,14","130,385","0,027078122846058372","127,27","124,69999999999999","0,04605318345776355","116,6","114,3775","0,03955919109293338","121,89","121,05","0,02290011830319405","218,11","227,5575","0,05978716467958267","137,5","128,5925","0,1026388561383953","131,69","130,175","0,023026445046956834","153,23","149,1125","-0,00269203758820169","119,77","119,91999999999999","0,0003545285812600607","164,16","162,3075","0,06957166392092251","117,98","118,97","-0,004435146443514615","130,87","128,1125","0,023160626934211948","107,95","108,86","-0,03454392266418338","134,86","132,82750000000001","0,03633845673714586","121,93","120,66499999999999","0,030708123345007055","129,59","128,865","0,023387865311308875","200,85","202,28","0,019363779527558966","128,71","123,6275","0,08647698560913986","145,26","142,94","0,034709906257917256","126,49","125,08999999999999","0,039255597557429356","134,87","132,45499999999998","0,023727634578969647",False,"0,025523600941804718","0,025044469354773623","0,022537346576507442","0,02179369172993075","0,063622559563689","0,04169855854074405","0,025185375032473083","0,03603896555615154","0,01600315604394448","0,041421284977529685","0,01141699778528831","0,025649550691884227","0,018109731177191585","0,027689748050722066","0,020794838102516672","0,021629261160998337","0,06175692057798649","0,03557851739598932","0,033783823930284305","0,024260418434980474","0,02135764477897103",2T2006,2006-04-01,"2,7078122846058372","2,5523600941804716","4,605318345776355","2,5044469354773624","3,9559191092933377","2,253734657650744","2,290011830319405","2,1793691729930753","5,978716467958267","6,362255956368899","10,26388561383953","4,169855854074405","2,3026445046956834","2,518537503247308","-0,269203758820169","3,603896555615154","0,03545285812600607","1,6003156043944482","6,957166392092251","4,142128497752968","-0,4435146443514615","1,141699778528831","2,3160626934211948","2,564955069188423","-3,454392266418338","1,8109731177191586","3,6338456737145863","2,7689748050722067","3,0708123345007055","2,0794838102516673","2,3387865311308875","2,1629261160998334","1,9363779527558966","6,175692057798649","8,647698560913986","3,557851739598932","3,4709906257917256","3,3783823930284305","3,9255597557429356","2,4260418434980475","2,3727634578969647","2,1357644778971028"
2006Q3,"134,36","131,97","0,034105824044508015","128,61","126,2925","0,048244521912350624","117,61","115,85499999999999","0,051673663905593914","123,32","121,8175","0,025033132086585086","248,72","233,06","0,05784898894764323","145,89","135,2075","0,13942905298641128","133,97","131,66","0,029881101376720842","159,85","152,76749999999998","0,02733646038230697","121,73","120,715","0,010125099368227364","166,87","164,4425","0,065801412923715","120,02","119,5275","0,002810579524718415","133,38","129,9225","0,03246250124168082","109,38","109,2525","-0,01258529531384156","136,63","134,2875","0,038372317803982314","124,13","122,10749999999999","0,038351155424222405","130,45","129,85500000000002","0,024113251444232153","209,33","203,6875","0,012954881702783583","128,53","126,01499999999999","0,08202211012128346","147,86","144,75","0,041797866023714825","128,01","126,10749999999999","0,03472820512820496","135,76","133,76749999999998","0,029812540898417783",False,"0,02539611987526748","0,0250066655593089","0,0224938717036206","0,02164389371866521","0,06301356543923775","0,04168633537257672","0,025053354595655927","0,03605077712787943","0,01586681396985393","0,04114030127947079","0,011188499051656604","0,025677223640201228","0,018040407655511244","0,027544238871750604","0,020686328650424343","0,021466950497636406","0,061390906393464034","0,03544551185311193","0,03360148301382628","0,024324423825032346","0,021098910414761154",3T2006,2006-07-01,"3,4105824044508015","2,5396119875267478","4,824452191235062","2,50066655593089","5,167366390559391","2,24938717036206","2,5033132086585086","2,164389371866521","5,784898894764323","6,3013565439237755","13,94290529864113","4,168633537257672","2,988110137672084","2,505335459565593","2,733646038230697","3,605077712787943","1,0125099368227364","1,586681396985393","6,5801412923715","4,114030127947079","0,2810579524718415","1,1188499051656604","3,246250124168082","2,5677223640201228","-1,258529531384156","1,8040407655511244","3,8372317803982314","2,7544238871750606","3,8351155424222405","2,068632865042434","2,4113251444232153","2,1466950497636406","1,2954881702783583","6,139090639346404","8,202211012128346","3,544551185311193","4,1797866023714825","3,3601483013826283","3,472820512820496","2,4324423825032344","2,9812540898417783","2,1098910414761156"
2006Q4,"135,93","133,54250000000002","0,03960530925226746","130,45","127,90249999999999","0,05293379159892142","121,32","118,2125","0,0667554031493931","127,85","123,725","0,03572400226021788","242,53","236,07999999999998","0,04846392130302979","150,92","142,0125","0,17674476415387463","135,87","133,28","0,036835349488506086","160,67","156,3075","0,05153130728737465","125,15","121,995","0,02040901677052398","173,09","167,3675","0,0663236863482155","124,12","120,67250000000001","0,012714264733650893","133,8","131,56","0,04115226337448563","111,89","109,91999999999999","0,0023024141153940025","137,8","135,8","0,04301075268817223","127,89","124,2175","0,04948884758364325","132,61","130,825","0,02417066249143751","204,75","204,0625","0,007803143481535324","126,3","127,4725","0,08045855229699939","149,74","146,585","0,046942237300241274","129,74","127,4125","0,037920290002647405","136,93","135,2975","0,039011653579588135",False,"0,02526863880873024","0,024968861763844177","0,02245039683073376","0,02149409570739967","0,06240457131478652","0,041674112204409385","0,024921334158838775","0,03606258869960732","0,01573047189576338","0,0408593175814119","0,010960000318024897","0,025704896588518225","0,017971084133830903","0,027398729692779143","0,020577819198332015","0,02130463983427448","0,06102489220894157","0,035312506310234526","0,03341914209736826","0,024388429215084217","0,020840176050551287",4T2006,2006-10-01,"3,960530925226746","2,526863880873024","5,293379159892142","2,4968861763844177","6,67554031493931","2,245039683073376","3,572400226021788","2,149409570739967","4,846392130302979","6,240457131478652","17,674476415387463","4,167411220440939","3,6835349488506086","2,4921334158838775","5,153130728737465","3,6062588699607323","2,040901677052398","1,573047189576338","6,6323686348215505","4,085931758141189","1,2714264733650893","1,0960000318024898","4,115226337448563","2,5704896588518227","0,23024141153940025","1,7971084133830904","4,301075268817223","2,7398729692779145","4,948884758364325","2,0577819198332015","2,417066249143751","2,130463983427448","0,7803143481535324","6,102489220894157","8,045855229699939","3,5312506310234526","4,694223730024127","3,3419142097368257","3,7920290002647405","2,4388429215084217","3,9011653579588135","2,084017605055129"
2007Q1,"138,48","135,22750000000002","0,04392550419762631","133,31","129,91","0,05650096574158803","126,35","120,47","0,06307220543140168","126,96","125,005","0,03885149173107294","249,14","239,625","0,04742651076385096","160,21","148,63","0,19393513404960316","138,16","134,9225","0,04195304656730259","158,09","157,95999999999998","0,06079277403757355","125,95","123,15","0,024009978172747193","172,55","169,1675","0,04797968065170588","123,71","121,4575","0,013518306039428385","137,31","133,84","0,05545807621788934","117,42","111,66","0,01592211809662447","141,34","137,65750000000003","0,046069379535696786","131,37","126,33000000000001","0,05389171602569465","134,53","131,79500000000002","0,026700683584240714","212,46","206,84750000000003","0,019003399182226044","139,12","130,665","0,08451434855684425","153,66","149,13","0,05502201941953633","131,45","128,9225","0,03900630628815538","137,71","136,3175","0,03896574063488445",False,"0,025141157742193","0,024931057968379453","0,022406921957846923","0,021344297696134135","0,061795577190335294","0,041661889036242045","0,02478931372202162","0,03607440027133522","0,015594129821672827","0,04057833388335301","0,010731501584393191","0,025732569536835226","0,017901760612150562","0,027253220513807682","0,020469309746239683","0,021142329170912553","0,060658878024419105","0,035179500767357125","0,033236801180910235","0,02445243460513609","0,020581441686341413",1T2007,2007-01-01,"4,392550419762631","2,5141157742192997","5,650096574158803","2,4931057968379453","6,3072205431401684","2,240692195784692","3,885149173107294","2,1344297696134134","4,742651076385096","6,17955771903353","19,393513404960316","4,166188903624205","4,195304656730259","2,478931372202162","6,079277403757355","3,6074400271335216","2,4009978172747193","1,5594129821672826","4,797968065170588","4,057833388335301","1,3518306039428385","1,073150158439319","5,545807621788934","2,5732569536835226","1,5922118096624471","1,7901760612150561","4,606937953569679","2,7253220513807683","5,389171602569465","2,0469309746239683","2,6700683584240714","2,1142329170912553","1,9003399182226044","6,06588780244191","8,451434855684425","3,5179500767357124","5,502201941953633","3,3236801180910236","3,900630628815538","2,445243460513609","3,896574063488445","2,0581441686341413"
2007Q2,"140,8","137,3925","0,053744679219235536","135,07","131,86","0,057417802726543954","131,44","124,17999999999999","0,08570304474219137","130,02","127,0375","0,049463031805039304","245,21","246,4","0,08280324753084378","162,3","154,82999999999998","0,204036005210257","140,12","137,03","0,05265988092951779","154,84","158,3625","0,062033699388045926","130,13","125,74000000000001","0,048532354903269015","173,61","171,53","0,05682115737103954","128,17","124,005","0,04232159367907884","140,76","136,3125","0,0640062445116596","120,66","114,8375","0,05490997611611248","142,89","139,66500000000002","0,0514765391202876","133,86","129,3125","0,07166535449384659","135,97","133,39","0,03511426686842811","214,86","210,35000000000002","0,03989519477951364","143,08","134,2575","0,08598410547815005","155,39","151,6625","0,06102210717783674","131,43","130,1575","0,040510832200815416","138,12","137,13","0,03529500585104395",False,"0,02501367667565576","0,02489325417291473","0,022363447084960082","0,021194499684868594","0,06118658306588406","0,04164966586807471","0,024657293285204468","0,036086211843063105","0,015457787747582274","0,04029735018529412","0,010503002850761485","0,025760242485152223","0,01783243709047022","0,02710771133483622","0,020360800294147354","0,020980018507550626","0,06029286383989664","0,03504649522447972","0,033054460264452204","0,024516439995187957","0,02032270732213154",2T2007,2007-04-01,"5,374467921923554","2,501367667565576","5,741780272654395","2,489325417291473","8,570304474219137","2,2363447084960084","4,94630318050393","2,1194499684868595","8,280324753084379","6,118658306588406","20,4036005210257","4,164966586807471","5,265988092951779","2,465729328520447","6,203369938804593","3,6086211843063105","4,8532354903269015","1,5457787747582274","5,682115737103954","4,029735018529412","4,232159367907884","1,0503002850761485","6,400624451165959","2,5760242485152225","5,490997611611248","1,7832437090470221","5,14765391202876","2,710771133483622","7,166535449384659","2,036080029414735","3,5114266868428112","2,0980018507550624","3,9895194779513643","6,029286383989664","8,598410547815005","3,5046495224479726","6,102210717783674","3,3054460264452206","4,051083220081542","2,4516439995187955","3,529500585104395","2,0322707322131537"
2007Q3,"142,27","139,37","0,05607335000378888","135,95","133,695","0,05861393194370201","133,82","128,23250000000002","0,10683613137111059","129,33","128,54000000000002","0,05518501036386425","250,38","246,815","0,05901913670299486","173,4","161,7075","0,19599504465358808","141,75","138,975","0,05555977517848998","166,51","160,02749999999997","0,047523197015071794","130,55","127,94500000000001","0,059893136727001695","170,09","172,335","0,04799549994678998","129,65","126,4125","0,05760180711551732","139,69","137,89","0,06132502068540835","120,71","117,67","0,07704629184686862","144,04","141,5175","0,053839709578330286","134,86","131,995","0,08097373216223414","136,51","134,905","0,0388895306303183","217,36","212,35750000000002","0,04256520405032216","147,41","138,97750000000002","0,10286473832480292","156,19","153,745","0,06214162348877372","131,58","131,05","0,039192752215372106","138,57","137,8325","0,030388547292877766",False,"0,02488619560911852","0,02485545037745001","0,02231997221207324","0,021044701673603054","0,06057758894143282","0,04163744269990738","0,024525272848387313","0,036098023414791","0,015321445673491724","0,04001636648723523","0,010274504117129778","0,025787915433469224","0,01776311356878988","0,026962202155864756","0,020252290842055022","0,020817707844188696","0,05992684965537418","0,03491348968160232","0,03287211934799418","0,02458044538523983","0,020063972957921672",3T2007,2007-07-01,"5,607335000378888","2,488619560911852","5,861393194370201","2,485545037745001","10,68361313711106","2,2319972212073242","5,518501036386425","2,1044701673603052","5,901913670299486","6,057758894143282","19,59950446535881","4,163744269990738","5,555977517848998","2,452527284838731","4,752319701507179","3,6098023414791","5,9893136727001695","1,5321445673491723","4,799549994678998","4,001636648723523","5,760180711551732","1,027450411712978","6,132502068540835","2,5787915433469224","7,704629184686862","1,7763113568789881","5,383970957833029","2,6962202155864756","8,097373216223414","2,025229084205502","3,8889530630318303","2,0817707844188695","4,256520405032216","5,992684965537419","10,286473832480292","3,4913489681602323","6,214162348877372","3,287211934799418","3,9192752215372106","2,458044538523983","3,0388547292877766","2,0063972957921674"
2007Q4,"144,42","141,4925","0,05953160978714633","139,88","136,0525","0,06372041203260315","137,46","132,26749999999998","0,11889605583165896","128,67","128,745","0,04057385330369789","252,83","249,39000000000001","0,056379193493730995","179,67","168,895","0,18929671683830662","143,48","140,8775","0,057004051620648255","166,57","161,5025","0,03323576923692073","131,6","129,5575","0,06199024550186483","172,54","172,1975","0,02885864937935967","130,85","128,095","0,06150945741573244","140,76","139,63","0,06134083307996341","121,17","119,99","0,09161208151382838","146,46","143,6825","0,05804491899852726","137,8","134,47250000000003","0,08255680560307543","141,96","137,2425","0,049054079877699275","223,64","217,07999999999998","0,06379173047473197","156,31","146,48000000000002","0,14911059248073122","157,15","155,5975","0,061483098543507086","133,46","131,98000000000002","0,03584813107034268","138,08","138,12","0,020861434985864458",False,"0,02475871454258128","0,024817646581985285","0,022276497339186404","0,020894903662337514","0,059968594816981594","0,04162521953174004","0,024393252411570157","0,036109834986518895","0,015185103599401173","0,039735382789176335","0,010046005383498074","0,025815588381786225","0,01769379004710954","0,026816692976893295","0,020143781389962694","0,02065539718082677","0,05956083547085172","0,03478048413872492","0,03268977843153616","0,0246444507752917","0,019805238593711798",4T2007,2007-10-01,"5,953160978714633","2,475871454258128","6,372041203260315","2,4817646581985287","11,889605583165896","2,2276497339186405","4,057385330369789","2,0894903662337514","5,6379193493730995","5,996859481698159","18,929671683830662","4,162521953174004","5,7004051620648255","2,439325241157016","3,323576923692073","3,6109834986518896","6,199024550186483","1,5185103599401173","2,885864937935967","3,9735382789176334","6,150945741573244","1,0046005383498073","6,134083307996341","2,5815588381786223","9,161208151382837","1,7693790047109539","5,804491899852726","2,6816692976893295","8,255680560307542","2,0143781389962694","4,9054079877699275","2,065539718082677","6,379173047473197","5,956083547085171","14,911059248073123","3,478048413872492","6,148309854350709","3,268977843153616","3,584813107034268","2,46444507752917","2,0861434985864458","1,9805238593711798"
2008Q1,"146,25","143,435","0,06069401564030974","142,89","138,4475","0,06571857439765982","142,08","136,2","0,13057192662073547","130,76","129,695","0,03751849926002948","245,7","248,53","0,037162232655190364","186,25","175,405","0,18014532732288235","145,25","142,65","0,057273620041134565","166,35","163,5675","0,035499493542669125","135,1","131,845","0,07060495330897276","181,23","174,3675","0,030738764833670773","134,26","130,7325","0,07636416030298654","142,55","140,94","0,053048416019127353","123,86","121,6","0,08902024001432918","148,77","145,54","0,05726168207326121","140,49","136,7525","0,08250217683843886","146,71","140,28750000000002","0,06443719412724302","232,04","221,975","0,07313358875500042","161,47","152,0675","0,16379673210117485","157,03","156,44","0,049017635619929","136,28","133,1875","0,033081890282921744","136,28","137,7625","0,010600253085627287",False,"0,02463123347604404","0,024779842786520564","0,022233022466299563","0,020745105651071974","0,059359600692530365","0,041612996363572706","0,024261231974753005","0,03612164655824679","0,015048761525310622","0,03945439909111745","0,009817506649866367","0,025843261330103222","0,017624466525429202","0,026671183797921834","0,020035271937870365","0,020493086517464842","0,059194821286329254","0,03464747859584752","0,03250743751507813","0,024708456165343572","0,019546504229501927",1T2008,2008-01-01,"6,069401564030974","2,463123347604404","6,571857439765982","2,4779842786520563","13,057192662073547","2,2233022466299563","3,751849926002948","2,0745105651071976","3,7162232655190364","5,935960069253037","18,014532732288234","4,1612996363572705","5,7273620041134565","2,4261231974753006","3,5499493542669125","3,612164655824679","7,060495330897276","1,5048761525310623","3,0738764833670773","3,945439909111745","7,636416030298654","0,9817506649866368","5,304841601912735","2,584326133010322","8,902024001432917","1,76244665254292","5,726168207326121","2,6671183797921834","8,250217683843886","2,0035271937870367","6,4437194127243025","2,0493086517464842","7,313358875500042","5,919482128632925","16,379673210117485","3,464747859584752","4,9017635619929","3,2507437515078133","3,3081890282921744","2,470845616534357","1,0600253085627287","1,9546504229501926"
2008Q2,"149,19","145,5325","0,059246319850064566","144,53","140,8125","0,06789397846200496","149,86","140,805","0,13387824126268333","130,59","129,8375","0,02204073600314871","258,78","251,92249999999999","0,02241274350649336","200,8","185,02999999999997","0,19505263837757525","147,95","144,6075","0,05529810990294082","171,74","167,7925","0,059546925566343","136,06","133,3275","0,06034277079688222","179,78","175,91","0,025534891855651942","136,45","132,8025","0,07094471997096896","141,27","141,0675","0,03488308115543326","124,64","122,595","0,06755197561772053","151,19","147,615","0,056921920309311425","143,62","139,1925","0,07640405993233435","149,63","143,7025","0,07731089287052995","236,06","227,27499999999998","0,08046113620156858","165,44","157,6575","0,17429193899782147","157,76","157,0325","0,03540756614192708","138,67","134,9975","0,037185717304035526","138,61","137,885","0,005505724495004749",False,"0,0245037524095068","0,02474203899105584","0,022189547593412722","0,020595307639806437","0,05875060656807913","0,04160077319540537","0,024129211537935853","0,03613345812997468","0,014912419451220071","0,03917341539305856","0,009589007916234661","0,025870934278420223","0,01755514300374886","0,026525674618950373","0,019926762485778033","0,020330775854102916","0,058828807101806796","0,03451447305297012","0,03232509659862011","0,024772461555395444","0,019287769865292057",2T2008,2008-04-01,"5,924631985006457","2,45037524095068","6,789397846200496","2,474203899105584","13,387824126268333","2,218954759341272","2,204073600314871","2,0595307639806437","2,241274350649336","5,875060656807913","19,505263837757525","4,160077319540537","5,529810990294082","2,4129211537935853","5,9546925566343","3,613345812997468","6,034277079688222","1,4912419451220071","2,553489185565194","3,917341539305856","7,094471997096896","0,9589007916234661","3,488308115543326","2,587093427842022","6,755197561772053","1,755514300374886","5,6921920309311425","2,6525674618950372","7,6404059932334345","1,9926762485778033","7,731089287052995","2,0330775854102914","8,04611362015686","5,88288071018068","17,42919389978215","3,4514473052970116","3,5407566141927083","3,232509659862011","3,7185717304035526","2,4772461555395444","0,5505724495004749","1,9287769865292057"
2008Q3,"151,64","147,875","0,061024610748367625","147,25","143,6375","0,07436702943266393","157,41","146,70250000000001","0,1440352484744507","134,4","131,105","0,01995487785903194","253,42","252,68249999999998","0,023772866316877028","206,53","193,3125","0,19544548026529385","150,22","146,725","0,05576542543622964","175,02","169,92000000000002","0,06181750011716769","139,72","135,62","0,05998671304075964","183,34","179,2225","0,039965764354309874","138,94","135,125","0,068921190546821","144,72","142,325","0,03216331858727983","129,59","124,815","0,06072065947140315","152,93","149,8375","0,05879131556167949","146,76","142,16750000000002","0,07706731315580151","150,62","147,23000000000002","0,0913605870797971","240,75","233,1225","0,09778321933531897","168,08","162,825","0,17159252396970714","159,32","157,815","0,02647240560668629","139,6","137,0025","0,04542159481114072","139,52","138,1225","0,002104003047176839",False,"0,02437627134296956","0,024704235195591118","0,022146072720525885","0,020445509628540897","0,058141612443627894","0,04158855002723803","0,023997191101118698","0,03614526970170257","0,014776077377129519","0,03889243169499967","0,009360509182602955","0,025898607226737223","0,01748581948206852","0,02638016543997891","0,019818253033685704","0,02016846519074099","0,05846279291728433","0,034381467510092724","0,032142755682162086","0,024836466945447316","0,019029035501082182",3T2008,2008-07-01,"6,1024610748367625","2,437627134296956","7,436702943266393","2,4704235195591115","14,40352484744507","2,2146072720525884","1,9954877859031939","2,04455096285409","2,377286631687703","5,814161244362789","19,544548026529384","4,158855002723803","5,576542543622964","2,39971911011187","6,181750011716769","3,614526970170257","5,998671304075964","1,477607737712952","3,9965764354309874","3,8892431694999665","6,8921190546821","0,9360509182602955","3,216331858727983","2,5898607226737225","6,072065947140315","1,748581948206852","5,879131556167949","2,638016543997891","7,706731315580151","1,9818253033685704","9,13605870797971","2,016846519074099","9,778321933531897","5,846279291728433","17,159252396970714","3,4381467510092723","2,647240560668629","3,2142755682162085","4,542159481114072","2,4836466945447317","0,2104003047176839","1,9029035501082183"
2008Q4,"145,92","148,25","0,0477587151262433","144,86","144,8825","0,06490141673251126","144,59","148,485","0,12261137467631911","129,82","131,3925","0,02056390539438424","237,58","248,86999999999998","-0,002085087613777792","193,86","196,86","0,16557624559637651","144,71","147,0325","0,04369044027612645","168,11","170,305","0,05450380025077006","128,67","134,8875","0,04114003434768332","172,47","179,205","0,040694551314624405","124,17","133,45499999999998","0,04184394394785107","144,45","143,2475","0,025907756212848243","125,45","125,88499999999999","0,049129094091174164","149,54","150,60750000000002","0,04819654446435728","134,61","141,37","0,05129301530052599","142,62","147,39499999999998","0,07397489844618077","244,37","238,30499999999998","0,09777501381978992","167,76","165,6875","0,13112711632987417","156,92","157,7575","0,013881971111360913","138,38","138,2325","0,04737460221245615","139,97","138,595","0,003439038517231374",True,"0,02424879027643232","0,024666431400126393","0,022102597847639044","0,020295711617275357","0,057532618319176665","0,0415763268590707","0,023865170664301542","0,036157081273430466","0,014639735303038968","0,03861144799694078","0,009132010448971249","0,02592628017505422","0,01741649596038818","0,026234656261007447","0,019709743581593372","0,020006154527379062","0,05809677873276187","0,03424846196721532","0,03196041476570406","0,024900472335499184","0,018770301136872312",4T2008,2008-10-01,"4,77587151262433","2,424879027643232","6,490141673251126","2,466643140012639","12,261137467631912","2,2102597847639043","2,056390539438424","2,0295711617275356","-0,20850876137777918","5,7532618319176665","16,557624559637652","4,15763268590707","4,369044027612645","2,3865170664301543","5,450380025077006","3,6157081273430465","4,114003434768332","1,4639735303038968","4,0694551314624405","3,861144799694078","4,184394394785107","0,9132010448971248","2,5907756212848243","2,592628017505422","4,912909409117416","1,7416495960388179","4,819654446435728","2,6234656261007445","5,129301530052599","1,9709743581593373","7,397489844618077","2,000615452737906","9,777501381978993","5,809677873276186","13,112711632987416","3,4248461967215325","1,3881971111360913","3,1960414765704064","4,737460221245615","2,490047233549918","0,3439038517231374","1,8770301136872312"
2009Q1,"143,82","147,64249999999998","0,029333844598598446","146,12","145,69","0,052312248325177446","128,92","145,195","0,06604258443465505","134,92","132,4325","0,021107213076834164","221,59","242,8425","-0,0228845612199734","165,64","191,7075","0,09294204840226916","143,04","146,48","0,02684893094987717","163,57","169,61","0,03694193528665557","120,42","131,2175","-0,004759376540634852","168,89","176,12","0,010050611495834971","113,74","128,325","-0,01841546669726346","137,85","142,0725","0,008035334184759435","123,36","125,75999999999999","0,03421052631578947","150,31","150,9925","0,03746392744262761","130,81","138,95","0,016069176066251023","136,9","144,9425","0,03318185868306145","237,57","239,6875","0,07979502196193278","174,8","169,01999999999998","0,11148009929800895","159,64","158,41","0,012592687292252602","140,64","139,3225","0,046062881276395906","142,06","140,04000000000002","0,016532075129298773",True,"0,02412130920989508","0,02462862760466167","0,022059122974752203","0,02014591360600982","0,056923624194725436","0,04156410369090337","0,02373315022748439","0,03616889284515836","0,014503393228948416","0,038330464298881886","0,008903511715339542","0,02595395312337122","0,01734717243870784","0,026089147082035986","0,019601234129501044","0,019843843864017136","0,0577307645482394","0,03411545642433792","0,03177807384924604","0,024964477725551056","0,01851156677266244",1T2009,2009-01-01,"2,9333844598598446","2,412130920989508","5,231224832517745","2,4628627604661673","6,604258443465505","2,20591229747522","2,1107213076834164","2,014591360600982","-2,28845612199734","5,692362419472544","9,294204840226916","4,156410369090337","2,684893094987717","2,373315022748439","3,694193528665557","3,6168892845158362","-0,4759376540634852","1,4503393228948416","1,0050611495834971","3,8330464298881886","-1,841546669726346","0,8903511715339543","0,8035334184759435","2,5953953123371223","3,421052631578947","1,7347172438707839","3,746392744262761","2,6089147082035984","1,6069176066251023","1,9601234129501044","3,318185868306145","1,9843843864017137","7,979502196193278","5,77307645482394","11,148009929800896","3,411545642433792","1,2592687292252602","3,177807384924604","4,606288127639591","2,4964477725551055","1,6532075129298773","1,851156677266244"
2009Q2,"146,47","146,96249999999998","0,009825983886760481","150,31","147,13500000000002","0,04490013315579233","137,77","142,1725","0,00971201306771774","133,32","133,115","0,025243092326947103","232,11","236,175","-0,06250930345642003","174,8","185,20749999999998","0,0009593038966655421","145,42","145,8475","0,0085749356015421","161,73","167,10750000000002","-0,004082423231073884","126,15","128,74","-0,034407755339295965","173,52","174,555","-0,007702802569495737","118,26","123,7775","-0,06795805801848609","144,76","142,945","0,013309231396317456","130,31","127,1775","0,03737917533341495","152,25","151,2575","0,024675676591132234","136,18","137,09","-0,015104980512599453","137,84","141,995","-0,01188218715749545","238,49","240,29500000000002","0,057287427125728874","178,6","172,31","0,09293880722452164","161,11","159,2475","0,01410536035534049","140,9","139,88","0,036167336432156194","143,11","141,16500000000002","0,023787939224716448",False,"0,02399382814335784","0,024590823809196947","0,022015648101865366","0,01999611559474428","0,0563146300702742","0,04155188052273603","0,023601129790667235","0,03618070441688625","0,014367051154857865","0,038049480600823","0,008675012981707836","0,02598162607168822","0,017277848917027498","0,025943637903064524","0,019492724677408715","0,01968153320065521","0,05736475036371694","0,03398245088146052","0,031595732932788015","0,025028483115602927","0,018252832408452567",2T2009,2009-04-01,"0,9825983886760481","2,3993828143357843","4,490013315579233","2,459082380919695","0,971201306771774","2,2015648101865364","2,5243092326947103","1,999611559474428","-6,2509303456420025","5,63146300702742","0,0959303896665542","4,155188052273603","0,85749356015421","2,3601129790667237","-0,4082423231073884","3,6180704416886247","-3,4407755339295965","1,4367051154857864","-0,7702802569495737","3,8049480600823","-6,7958058018486085","0,8675012981707836","1,3309231396317456","2,5981626071688217","3,737917533341495","1,7277848917027498","2,4675676591132234","2,5943637903064523","-1,5104980512599453","1,9492724677408715","-1,188218715749545","1,9681533200655208","5,728742712572887","5,736475036371694","9,293880722452164","3,398245088146052","1,410536035534049","3,1595732932788017","3,6167336432156194","2,502848311560293","2,378793922471645","1,8252832408452566"
2009Q3,"149,9","146,5275","-0,009112426035502885","153,8","148,7725","0,03574971716995923","151,16","140,61","-0,04152962628448731","134,79","133,2125","0,016074901796270247","227,46","229,685","-0,09101342593966733","183,5","179,45","-0,07171031361138058","148,62","145,4475","-0,008706764355086105","163,22","164,1575","-0,03391301789077228","131,13","126,59249999999999","-0,06656466597846933","176,98","172,965","-0,03491470100015337","123,36","119,8825","-0,11280296022201675","145,34","143,1","0,005445283681714486","138,81","129,48250000000002","0,03739534511076403","155,0","151,775","0,012930674897805972","141,16","135,69","-0,04556245274060544","142,02","139,845","-0,05015961420906079","238,69","239,78","0,02855794700211267","181,5","175,665","0,07885766927683102","163,42","160,27249999999998","0,015572030542090332","143,26","140,795","0,027681976606266145","144,12","142,315","0,030353490560915075",False,"0,0238663470768206","0,024553020013732225","0,021972173228978525","0,01984631758347874","0,055705635945822965","0,041539657354568695","0,023469109353850083","0,03619251598861414","0,014230709080767314","0,037768496902764105","0,008446514248076131","0,02600929902000522","0,01720852539534716","0,025798128724093063","0,019384215225316383","0,01951922253729328","0,05699873617919448","0,03384944533858312","0,03141339201632999","0,0250924885056548","0,017994098044242696",3T2009,2009-07-01,"-0,9112426035502885","2,38663470768206","3,5749717169959228","2,4553020013732225","-4,152962628448731","2,1972173228978527","1,6074901796270247","1,984631758347874","-9,101342593966733","5,570563594582296","-7,171031361138058","4,153965735456869","-0,8706764355086105","2,3469109353850084","-3,391301789077228","3,6192515988614145","-6,656466597846933","1,4230709080767314","-3,491470100015337","3,7768496902764106","-11,280296022201675","0,8446514248076131","0,5445283681714486","2,600929902000522","3,7395345110764033","1,720852539534716","1,2930674897805972","2,579812872409306","-4,556245274060544","1,9384215225316384","-5,015961420906079","1,951922253729328","2,855794700211267","5,699873617919448","7,885766927683102","3,3849445338583117","1,5572030542090332","3,141339201632999","2,7681976606266145","2,5092488505654797","3,0353490560915075","1,7994098044242697"
2009Q4,"153,76","148,4875","0,0016020236087690432","154,89","151,28","0,04415647162355718","162,96","145,2025","-0,02210661009529602","137,97","135,25","0,02935860113781219","227,72","227,22","-0,08699320930606336","205,43","182,3425","-0,07374530122930012","152,16","147,31","0,0018873378334722801","170,31","164,70749999999998","-0,032867502422125106","136,47","128,5425","-0,04703919933277734","181,49","175,22","-0,02223710275940971","129,05","121,10249999999999","-0,09255928964819593","149,29","144,31","0,0074172324124330835","145,82","134,575","0,06903125868848559","157,25","153,7025","0,02055010540643698","145,03","138,29500000000002","-0,02175143241140265","148,02","141,195","-0,04206384205705749","238,83","238,395","0,00037766727513077747","185,96","180,215","0,08768012070916642","165,77","162,485","0,02996687954613897","144,65","142,36249999999998","0,02987719964552471","145,75","143,76","0,03726685666871088",False,"0,023738866010283362","0,0245152162182675","0,021928698356091684","0,019696519572213203","0,055096641821371736","0,04152743418640136","0,023337088917032928","0,03620432756034204","0,014094367006676763","0,03748751320470522","0,008218015514444425","0,02603697196832222","0,01713920187366682","0,025652619545121602","0,01927570577322405","0,019356911873931352","0,056632721994672015","0,033716439795705724","0,031231051099871964","0,02515649389570667","0,017735363680032826",4T2009,2009-10-01,"0,16020236087690432","2,373886601028336","4,415647162355718","2,45152162182675","-2,210661009529602","2,1928698356091685","2,935860113781219","1,9696519572213202","-8,699320930606335","5,509664182137174","-7,374530122930012","4,152743418640136","0,188733783347228","2,3337088917032927","-3,2867502422125106","3,620432756034204","-4,703919933277733","1,4094367006676762","-2,223710275940971","3,7487513204705216","-9,255928964819592","0,8218015514444424","0,7417232412433084","2,603697196832222","6,903125868848559","1,7139201873666818","2,055010540643698","2,5652619545121604","-2,175143241140265","1,9275705773224052","-4,206384205705749","1,9356911873931353","0,03776672751307775","5,663272199467202","8,768012070916642","3,3716439795705724","2,996687954613897","3,1231051099871965","2,987719964552471","2,515649389570667","3,726685666871088","1,7735363680032825"
2010Q1,"156,93","151,765","0,027922176879963345","157,01","154,0025","0,05705607797377987","166,47","154,59","0,06470608492027963","139,08","136,29","0,02912804636324151","252,67","234,99","-0,03233577318632441","230,83","198,64","0,03616186116870734","154,96","150,29","0,026010376843255134","173,59","167,2125","-0,014135369376805706","138,18","132,9825","0,013450949758987862","195,22","181,8025","0,03226493300022715","129,96","125,1575","-0,02468342100136367","150,47","147,46499999999997","0,03795597318270594","147,48","140,605","0,11804230279898209","159,65","156,0375","0,03341225557560801","151,35","143,43","0,03224181360201528","153,96","145,46","0,00357038135812493","244,81","240,20499999999998","0,0021590612777053764","189,36","183,855","0,08777067802626903","167,14","164,36","0,037560760053027","144,35","143,29","0,02847709451093694","145,9","144,72","0,03341902313624656",False,"0,023611384943746122","0,02447741242280278","0,021885223483204846","0,019546721560947663","0,0544876476969205","0,04151521101823403","0,023205068480215772","0,036216139132069926","0,013958024932586213","0,037206529506646324","0,007989516780812719","0,026064644916639217","0,01706987835198648","0,025507110366150137","0,019167196321131723","0,019194601210569425","0,05626670781014956","0,03358343425282832","0,031048710183413937","0,025220499285758542","0,01747662931582295",1T2010,2010-01-01,"2,7922176879963345","2,3611384943746123","5,705607797377987","2,447741242280278","6,470608492027963","2,1885223483204848","2,912804636324151","1,9546721560947662","-3,2335773186324412","5,44876476969205","3,6161861168707343","4,151521101823403","2,6010376843255134","2,3205068480215774","-1,4135369376805706","3,6216139132069927","1,3450949758987862","1,3958024932586213","3,2264933000227147","3,7206529506646326","-2,468342100136367","0,7989516780812719","3,7955973182705938","2,606464491663922","11,80423027989821","1,7069878351986478","3,3412255575608008","2,550711036615014","3,224181360201528","1,9167196321131723","0,357038135812493","1,9194601210569424","0,21590612777053764","5,626670781014956","8,777067802626902","3,358343425282832","3,7560760053027","3,104871018341394","2,847709451093694","2,5220499285758544","3,341902313624656","1,7476629315822951"
2010Q2,"158,94","154,8825","0,05389129880071453","158,5","156,04999999999998","0,06059061406191568","169,4","162,4975","0,14296013645395544","139,94","137,945","0,03628441573075891","247,97","238,95499999999998","0,011770932571186554","236,28","214,01000000000002","0,15551476047136337","157,05","153,19750000000002","0,05039510447556528","177,64","171,19","0,02443038164056066","141,79","136,89249999999998","0,06332530681994708","200,69","188,595","0,08043310131477188","132,4","128,6925","0,03970834763991826","154,45","149,8875","0,04856763090699223","153,36","146,3675","0,15089147058245378","161,44","158,335","0,046791068211493814","152,52","147,515","0,07604493398497314","156,52","150,13","0,05729074967428427","250,16","243,1225","0,011766786658065964","193,1","187,48000000000002","0,08803899947768556","169,78","166,5275","0,04571500337524914","145,6","144,465","0,03277809551043753","146,44","145,5525","0,03108065030283691",False,"0,023483903877208882","0,024439608627338058","0,021841748610318006","0,019396923549682123","0,053878653572469265","0,04150298785006669","0,02307304804339862","0,03622795070379782","0,01382168285849566","0,03692554580858744","0,007761018047181012","0,026092317864956218","0,017000554830306137","0,025361601187178676","0,019058686869039394","0,0190322905472075","0,05590069362562709","0,03345042870995092","0,030866369266955913","0,025284504675810414","0,01721789495161308",2T2010,2010-04-01,"5,389129880071453","2,348390387720888","6,059061406191568","2,443960862733806","14,296013645395544","2,1841748610318006","3,628441573075891","1,9396923549682124","1,1770932571186554","5,387865357246927","15,551476047136337","4,150298785006669","5,039510447556528","2,307304804339862","2,443038164056066","3,622795070379782","6,332530681994708","1,382168285849566","8,043310131477188","3,6925545808587437","3,970834763991826","0,7761018047181012","4,856763090699223","2,609231786495622","15,089147058245377","1,7000554830306138","4,679106821149381","2,5361601187178677","7,604493398497314","1,9058686869039394","5,729074967428427","1,9032290547207498","1,1766786658065964","5,590069362562709","8,803899947768556","3,3450428709950923","4,571500337524914","3,0866369266955913","3,2778095510437533","2,5284504675810413","3,108065030283691","1,7217894951613082"
2010Q3,"160,34","157,4925","0,07483236935046333","161,97","158,0925","0,06264598632139662","174,46","168,32250000000002","0,19708768935353116","141,31","139,57500000000002","0,04776203434362403","256,85","246,30249999999998","0,0723490867927814","254,2","231,685","0,29108386737252734","158,17","155,585","0,06969868853022576","173,58","173,77999999999997","0,0586174862555775","142,3","139,685","0,10342239864130987","202,75","195,0375","0,12761252276472113","132,39","130,95","0,09231956290534482","154,29","152,125","0,06306778476589803","152,1","149,69","0,15606356071283756","163,82","160,54","0,057749958820622505","155,13","151,0075","0,11288599012454847","157,72","154,055","0,10161249955307672","253,97","246,9425","0,02987113187088153","199,45","191,9675","0,09280448581106082","171,66","168,5875","0,0518803912087229","147,73","145,58249999999998","0,034003338186725296","147,27","146,34","0,028282331447844644",False,"0,023356422810671643","0,024401804831873333","0,021798273737431165","0,019247125538416582","0,053269659448018036","0,041490764681899356","0,022941027606581465","0,036239762275525715","0,01368534078440511","0,03664456211052854","0,007532519313549306","0,026119990813273215","0,016931231308625797","0,025216092008207215","0,018950177416947062","0,018869979883845568","0,05553467944110463","0,03331742316707352","0,03068402835049789","0,025348510065862282","0,01695916058740321",3T2010,2010-07-01,"7,4832369350463335","2,335642281067164","6,264598632139662","2,4401804831873335","19,708768935353117","2,1798273737431164","4,776203434362403","1,9247125538416583","7,23490867927814","5,326965944801803","29,108386737252733","4,149076468189936","6,969868853022576","2,2941027606581463","5,86174862555775","3,6239762275525713","10,342239864130987","1,368534078440511","12,761252276472113","3,6644562110528542","9,231956290534482","0,7532519313549306","6,306778476589803","2,6119990813273217","15,606356071283756","1,6931231308625796","5,7749958820622505","2,5216092008207216","11,288599012454847","1,8950177416947063","10,161249955307671","1,886997988384557","2,987113187088153","5,553467944110463","9,280448581106082","3,331742316707352","5,18803912087229","3,068402835049789","3,4003338186725296","2,534851006586228","2,8282331447844644","1,695916058740321"
2010Q4,"162,63","159,71","0,07557875242023737","165,38","160,715","0,06236779481755694","175,64","171,4925","0,1810574886796028","141,82","140,5375","0,03909426987061004","258,18","253,91750000000002","0,1174962591321187","255,13","244,10999999999999","0,33874439584847194","160,31","157,6225","0,07000543072432275","176,76","175,39249999999998","0,0648725771443317","144,45","141,68","0,10220355135461046","206,53","201,29749999999999","0,14882718867709155","134,19","132,235","0,09192626081212207","154,51","153,43","0,06319728362552834","157,05","152,4975","0,1331785249860673","165,65","162,64","0,05814804573770749","156,3","153,825","0,11229617845909079","159,68","156,97","0,11172491943765728","255,34","251,07","0,053168061410683976","206,16","197,01749999999998","0,09323585717060157","173,1","170,42000000000002","0,048835277102501795","150,3","146,995","0,03254017033980161","148,21","146,955","0,02222454090150272",False,"0,023228941744134403","0,024364001036408612","0,021754798864544324","0,019097327527151042","0,05266066532356681","0,04147854151373202","0,022809007169764313","0,03625157384725361","0,013548998710314557","0,036363578412469656","0,0073040205799176","0,026147663761590216","0,016861907786945456","0,02507058282923575","0,018841667964854734","0,01870766922048364","0,055168665256582164","0,03318441762419612","0,030501687434039866","0,025412515455914154","0,016700426223193336",4T2010,2010-10-01,"7,557875242023737","2,3228941744134404","6,236779481755694","2,436400103640861","18,10574886796028","2,1754798864544322","3,9094269870610043","1,9097327527151042","11,749625913211869","5,266066532356681","33,874439584847195","4,147854151373203","7,000543072432275","2,2809007169764315","6,48725771443317","3,625157384725361","10,220355135461045","1,3548998710314557","14,882718867709155","3,6363578412469657","9,192626081212207","0,73040205799176","6,319728362552834","2,6147663761590216","13,31785249860673","1,6861907786945456","5,814804573770749","2,507058282923575","11,229617845909079","1,8841667964854734","11,172491943765728","1,870766922048364","5,3168061410683976","5,516866525658217","9,323585717060157","3,318441762419612","4,8835277102501795","3,0501687434039866","3,254017033980161","2,5412515455914155","2,222454090150272","1,6700426223193336"
2011Q1,"164,81","161,68","0,06533126873785133","166,94","163,1975","0,0597068229411859","179,73","174,8075","0,13078142182547392","142,93","141,5","0,03822730941375019","262,91","256,47749999999996","0,09144006127920323","257,2","250,7025","0,2620947442609747","162,24","159,4425","0,060898928737773694","180,89","177,21749999999997","0,059834043507512646","144,85","143,3475","0,07794258643054541","203,8","203,44250000000002","0,11903026636047365","135,48","133,615","0,06757485568184096","155,24","154,6225","0,04853694096904371","159,41","155,48","0,10579282386828348","167,15","164,51500000000001","0,05432988864856214","157,94","155,4725","0,08396081712333525","163,99","159,4775","0,09636669874879678","259,9","254,8425","0,06093753252430223","205,17","200,97","0,09308966304968602","173,18","171,93","0,04605743489900216","152,31","148,985","0,03974457394095898","149,34","147,815","0,021386124930901085",False,"0,023101460677597163","0,024326197240943887","0,021711323991657486","0,018947529515885506","0,05205167119911557","0,04146631834556468","0,022676986732947157","0,0362633854189815","0,013412656636224006","0,03608259471441076","0,007075521846285893","0,026175336709907217","0,016792584265265115","0,024925073650264293","0,018733158512762402","0,018545358557121715","0,0548026510720597","0,03305141208131872","0,030319346517581842","0,025476520845966025","0,01644169185898347",1T2011,2011-01-01,"6,533126873785133","2,3101460677597165","5,97068229411859","2,4326197240943888","13,078142182547392","2,1711323991657485","3,822730941375019","1,8947529515885506","9,144006127920324","5,2051671199115574","26,20947442609747","4,1466318345564686","6,089892873777369","2,2676986732947157","5,983404350751265","3,62633854189815","7,794258643054541","1,3412656636224005","11,903026636047365","3,6082594714410763","6,757485568184096","0,7075521846285894","4,853694096904371","2,6175336709907215","10,579282386828348","1,6792584265265114","5,432988864856214","2,4925073650264293","8,396081712333526","1,8733158512762402","9,636669874879678","1,8545358557121714","6,093753252430223","5,48026510720597","9,308966304968603","3,3051412081318716","4,605743489900216","3,0319346517581844","3,9744573940958983","2,5476520845966024","2,1386124930901085","1,644169185898347"
2011Q2,"166,48","163,565","0,056058625086759406","169,18","165,8675","0,06291252803588598","183,02","178,2125","0,09670918014123298","144,33","142,59750000000003","0,03372721011997548","263,84","260,445","0,08993325103052885","268,23","258,69","0,20877529087425817","163,86","161,145","0,05187747841838153","179,03","177,565","0,037239324726911605","149,65","145,3125","0,061508117683583885","208,35","205,35750000000002","0,08888093533762831","138,24","135,075","0,04959496474153502","165,79","157,45749999999998","0,050504545075473306","164,42","158,245","0,08114847899977784","168,4","166,255","0,05002052609972529","158,62","156,9975","0,06428159848151038","164,11","161,375","0,07490175181509362","267,94","259,28749999999997","0,0664891155693117","207,78","204,64","0,09152976317473849","172,49","172,60750000000002","0,03651048625602393","154,43","151,1925","0,0465683729623092","149,8","148,655","0,02131533295546273",False,"0,022973979611059923","0,024288393445479166","0,021667849118770646","0,018797731504619965","0,051442677074664336","0,04145409517739735","0,022544966296130002","0,03627519699070939","0,013276314562133455","0,035801611016351875","0,006847023112654189","0,026203009658224214","0,016723260743584777","0,024779564471292828","0,018624649060670073","0,018383047893759788","0,05443663688753724","0,03291840653844132","0,03013700560112382","0,025540526236017897","0,016182957494773595",2T2011,2011-04-01,"5,605862508675941","2,2973979611059923","6,291252803588598","2,4288393445479164","9,670918014123298","2,1667849118770643","3,372721011997548","1,8797731504619966","8,993325103052886","5,144267707466434","20,877529087425817","4,145409517739735","5,187747841838153","2,254496629613","3,7239324726911605","3,6275196990709393","6,1508117683583885","1,3276314562133456","8,88809353376283","3,5801611016351877","4,959496474153502","0,6847023112654189","5,050454507547331","2,6203009658224214","8,114847899977784","1,6723260743584778","5,002052609972529","2,4779564471292828","6,428159848151038","1,8624649060670073","7,490175181509362","1,8383047893759787","6,64891155693117","5,443663688753724","9,152976317473849","3,291840653844132","3,6510486256023933","3,013700560112382","4,65683729623092","2,5540526236017898","2,131533295546273","1,6182957494773595"
2011Q3,"166,11","165,0075","0,047716557931329895","168,51","167,5025","0,05952211521735684","185,17","180,89","0,07466322090035482","143,76","143,20999999999998","0,026043345871395118","269,73","263,665","0,07049258533713632","271,21","262,9425","0,13491378380128194","163,64","162,5125","0,04452550053025672","188,14","181,205","0,04272643572332857","147,98","146,7325","0,050452804524465655","208,39","206,76749999999998","0,06014228033070568","134,63","135,635","0,03577701412752954","163,86","159,85000000000002","0,05078060805258855","167,01","161,9725","0,08205290934598164","168,48","167,42000000000002","0,042855363149371106","156,27","157,2825","0,041554227439034586","162,52","162,575","0,0553049235662586","269,82","263,25","0,06603764034137494","211,37","207,62","0,08153723937645707","173,78","173,1375","0,026988952324460413","154,5","152,885","0,0501605618807206","149,71","149,26500000000001","0,019987699876998777",False,"0,022846498544522684","0,02425058965001444","0,021624374245883808","0,018647933493354425","0,05083368295021311","0,04144187200923002","0,02241294585931285","0,03628700856243729","0,013139972488042904","0,03552062731829298","0,006618524379022482","0,026230682606541215","0,016653937221904436","0,024634055292321367","0,018516139608577745","0,01822073723039786","0,05407062270301478","0,03278540099556392","0,02995466468466579","0,02560453162606977","0,01592422313056372",3T2011,2011-07-01,"4,7716557931329895","2,2846498544522684","5,952211521735684","2,425058965001444","7,466322090035482","2,1624374245883806","2,604334587139512","1,8647933493354425","7,0492585337136315","5,083368295021311","13,491378380128193","4,144187200923001","4,452550053025672","2,241294585931285","4,272643572332857","3,6287008562437286","5,0452804524465655","1,3139972488042904","6,014228033070568","3,5520627318292983","3,577701412752954","0,6618524379022482","5,078060805258855","2,6230682606541214","8,205290934598164","1,6653937221904436","4,285536314937111","2,4634055292321366","4,155422743903459","1,8516139608577744","5,53049235662586","1,822073723039786","6,603764034137494","5,407062270301478","8,153723937645708","3,278540099556392","2,6988952324460413","2,9954664684665793","5,01605618807206","2,560453162606977","1,9987699876998777","1,5924223130563722"
2011Q4,"167,62","166,255","0,04098052720555989","169,4","168,5075","0,048486451171328104","185,44","183,33999999999997","0,0690846538478358","143,44","143,615","0,021898069910166518","273,52","267,5","0,05349178374865837","278,59","268,8075","0,10117365122280941","165,02","163,69","0,038493869847261664","197,58","186,40999999999997","0,06281625497099363","147,54","147,505","0,04111377752682088","212,53","208,2675","0,03462536792558302","132,42","135,1925","0,022365485688357722","163,48","162,0925","0,05645897151795598","169,62","165,115","0,08273906129608677","169,15","168,29500000000002","0,03477004426955266","157,1","157,48250000000002","0,02377701934015941","164,71","163,8325","0,04371854494489402","271,86","267,38","0,06496196279921929","212,99","209,3275","0,062481759234585876","174,6","173,51250000000002","0,018146344325783437","154,13","153,8425","0,04658321711622837","150,53","149,845","0,019665884114184573",False,"0,022719017477985444","0,02421278585454972","0,021580899372996967","0,01849813548208889","0,05022468882576187","0,04142964884106268","0,022280925422495695","0,03629882013416518","0,013003630413952354","0,035239643620234094","0,006390025645390776","0,026258355554858216","0,016584613700224096","0,024488546113349906","0,018407630156485413","0,018058426567035935","0,05370460851849232","0,03265239545268652","0,029772323768207768","0,02566853701612164","0,015665488766353854",4T2011,2011-10-01,"4,098052720555989","2,2719017477985446","4,84864511713281","2,421278585454972","6,90846538478358","2,158089937299697","2,1898069910166518","1,8498135482088889","5,349178374865837","5,022468882576187","10,11736512228094","4,142964884106267","3,8493869847261664","2,2280925422495694","6,2816254970993635","3,629882013416518","4,111377752682088","1,3003630413952354","3,4625367925583017","3,5239643620234093","2,2365485688357722","0,6390025645390776","5,645897151795598","2,6258355554858217","8,273906129608676","1,6584613700224096","3,477004426955266","2,4488546113349905","2,377701934015941","1,8407630156485413","4,371854494489402","1,8058426567035935","6,496196279921929","5,370460851849232","6,248175923458588","3,2652395452686522","1,8146344325783437","2,9772323768207767","4,658321711622837","2,566853701612164","1,9665884114184573","1,5665488766353854"
2012Q1,"165,23","166,36","0,028946066303810136","171,77","169,715","0,03993627353360196","184,52","184,5375","0,05566122735008494","146,31","144,45999999999998","0,020918727915194113","269,72","269,2025","0,04961448860036466","267,86","271,47249999999997","0,08284719936977081","162,25","163,6925","0,026655377330385477","158,85","180,9","0,02077955055228764","147,94","148,27749999999997","0,034391949632885055","210,5","209,9425","0,03195005959914954","133,2","134,6225","0,007540321071735967","166,26","164,8475","0,0661287975553364","171,93","168,245","0,0821005917159765","170,68","169,1775","0,028340880770750365","156,93","157,23000000000002","0,011304249947740042","163,28","163,65500000000003","0,02619491777837024","277,28","271,725","0,06624679949380519","212,3","211,11","0,05045529183460218","177,69","174,64","0,015762228814052204","156,8","154,965","0,040138268953250344","149,81","149,9625","0,014528295504515842",False,"0,022591536411448204","0,024174982059084995","0,021537424500110126","0,018348337470823345","0,04961569470131064","0,041417425672895344","0,022148904985678543","0,03631063170589307","0,012867288339861801","0,0349586599221752","0,00616152691175907","0,026286028503175213","0,016515290178543755","0,02434303693437844","0,018299120704393084","0,017896115903674008","0,053338594333969855","0,03251938990980912","0,02958998285174974","0,02573254240617351","0,01540675440214398",1T2012,2012-01-01,"2,8946066303810136","2,2591536411448203","3,9936273533601963","2,4174982059084993","5,566122735008494","2,1537424500110127","2,0918727915194113","1,8348337470823344","4,961448860036466","4,961569470131065","8,28471993697708","4,141742567289534","2,6655377330385477","2,214890498567854","2,077955055228764","3,631063170589307","3,4391949632885055","1,2867288339861802","3,195005959914954","3,49586599221752","0,7540321071735967","0,616152691175907","6,6128797555336405","2,628602850317521","8,21005917159765","1,6515290178543756","2,8340880770750365","2,434303693437844","1,1304249947740042","1,8299120704393084","2,619491777837024","1,7896115903674008","6,624679949380519","5,333859433396985","5,045529183460218","3,251938990980912","1,5762228814052204","2,958998285174974","4,0138268953250344","2,573254240617351","1,4528295504515842","1,540675440214398"
2012Q2,"168,21","166,7925","0,01973221654999535","173,1","170,695","0,02910455634768705","184,82","184,98749999999998","0,03801641299010994","147,16","145,1675","0,018022756359683534","259,27","268,06","0,029238418860028093","274,25","272,97749999999996","0,05523019830685372","165,18","164,0225","0,01785658878649654","178,46","180,7575","0,01797933151240394","144,89","147,08749999999998","0,012215053763440675","203,73","208,78750000000002","0,01670257964768762","130,09","132,58499999999998","-0,01843420322043321","163,24","164,21","0,042884587904672866","167,53","169,0225","0,06810641726436861","172,48","170,1975","0,02371357252413464","160,26","157,64","0,004092421853851169","164,94","163,8625","0,015414407436096011","280,68","274,90999999999997","0,06025165115942732","211,73","212,0975","0,036442044566067366","182,52","177,1475","0,026302449198325695","158,12","155,8875","0,031053127635299216","152,65","150,675","0,013588510309105128",False,"0,022464055344910965","0,024137178263620274","0,021493949627223286","0,018198539459557808","0,04900670057685941","0,04140520250472801","0,022016884548861387","0,036322443277620964","0,01273094626577125","0,03467767622411631","0,0059330281781273635","0,026313701451492214","0,016445966656863414","0,024197527755406983","0,018190611252300752","0,01773380524031208","0,05297258014944739","0,03238638436693172","0,029407641935291717","0,02579654779622538","0,015148020037934109",2T2012,2012-04-01,"1,9732216549995352","2,2464055344910965","2,910455634768705","2,4137178263620274","3,801641299010994","2,1493949627223286","1,8022756359683534","1,8198539459557808","2,9238418860028093","4,900670057685941","5,523019830685372","4,140520250472801","1,7856588786496541","2,201688454886139","1,797933151240394","3,6322443277620966","1,2215053763440675","1,273094626577125","1,670257964768762","3,4677676224116314","-1,843420322043321","0,5933028178127363","4,288458790467287","2,6313701451492215","6,810641726436861","1,6445966656863413","2,371357252413464","2,4197527755406982","0,4092421853851169","1,8190611252300752","1,5414407436096011","1,7733805240312082","6,025165115942732","5,297258014944739","3,6442044566067366","3,2386384366931718","2,6302449198325695","2,940764193529172","3,1053127635299216","2,579654779622538","1,3588510309105128","1,514802003793411"
2012Q3,"171,11","168,0425","0,01839310334378741","175,35","172,405","0,029268219877315316","183,21","184,4975","0,01994305931781759","146,42","145,83249999999998","0,01831226869632019","265,33","266,96000000000004","0,012496918438169802","262,87","270,8925","0,030234747140534424","168,15","165,15","0,016229520806091857","198,61","183,375","0,011975386992632675","147,15","146,88","0,001005230606716312","200,58","206,83499999999998","0,0003264536254488082","132,5","132,0525","-0,02641279905629068","167,8","165,195","0,03343759774788846","172,63","170,4275","0,05220021917300777","174,11","171,605","0,024997013498984533","162,69","159,245","0,012477548360434243","171,02","165,9875","0,02099031216361702","290,89","280,1775","0,06430199430199424","211,77","212,1975","0,02204749060784117","183,86","179,66750000000002","0,0377156883979497","159,67","157,18","0,028093011086764763","151,53","151,13","0,01249455666097199",False,"0,022336574278373725","0,02409937446815555","0,021450474754336448","0,018048741448292268","0,04839770645240818","0,04139297933656067","0,021884864112044232","0,03633425484934886","0,012594604191680698","0,034396692526057426","0,005704529444495657","0,02634137439980921","0,016376643135183076","0,02405201857643552","0,018082101800208424","0,017571494576950154","0,052606565964924926","0,03225337882405432","0,029225301018833694","0,025860553186277252","0,014889285673724236",3T2012,2012-07-01,"1,839310334378741","2,2336574278373726","2,9268219877315316","2,409937446815555","1,994305931781759","2,145047475433645","1,8312268696320189","1,8048741448292267","1,2496918438169802","4,839770645240818","3,0234747140534424","4,139297933656067","1,6229520806091857","2,188486411204423","1,1975386992632675","3,633425484934886","0,10052306067163119","1,2594604191680698","0,03264536254488082","3,439669252605743","-2,641279905629068","0,5704529444495657","3,343759774788846","2,634137439980921","5,220021917300777","1,6376643135183075","2,4997013498984533","2,4052018576435517","1,2477548360434243","1,8082101800208423","2,099031216361702","1,7571494576950155","6,430199430199424","5,260656596492493","2,204749060784117","3,2253378824054315","3,77156883979497","2,9225301018833694","2,8093011086764763","2,586055318627725","1,249455666097199","1,4889285673724237"
2012Q4,"171,16","168,9275","0,016074704520164795","177,29","174,3775","0,03483524472204502","186,88","184,8575","0,00827697174648212","147,73","146,905","0,022908470563659744","277,63","267,9875","0,0018224299065421334","279,03","271,0025","0,008165694781581578","167,73","165,82750000000001","0,01305821980573052","188,42","181,085","-0,02856606405235751","145,86","146,46","-0,007084505609979197","202,9","204,4275","-0,01843782635312763","132,15","131,985","-0,02372542855557802","155,81","163,2775","0,007310640529327506","169,92","170,5025","0,03262877388486807","175,34","173,1525","0,028863008407855162","162,83","160,6775","0,020287968504437037","168,43","166,9175","0,01883020768162602","295,44","286,0725","0,06990986610816075","214,86","212,66500000000002","0,015943915634591965","185,27","182,335","0,050846480801094884","162,91","159,375","0,03596210409997247","151,65","151,41","0,010444125596449583",False,"0,022209093211836485","0,024061570672690828","0,021406999881449607","0,017898943437026728","0,04778871232795694","0,04138075616839334","0,02175284367522708","0,036346066421076746","0,012458262117590147","0,03411570882799853","0,005476030710863951","0,02636904734812621","0,016307319613502735","0,023906509397464058","0,017973592348116095","0,017409183913588224","0,05224055178040246","0,03212037328117692","0,02904296010237567","0,025924558576329124","0,014630551309514364",4T2012,2012-10-01,"1,6074704520164795","2,2209093211836484","3,4835244722045022","2,4061570672690826","0,827697174648212","2,1406999881449607","2,2908470563659744","1,7898943437026729","0,18224299065421334","4,778871232795694","0,8165694781581578","4,138075616839334","1,305821980573052","2,175284367522708","-2,856606405235751","3,634606642107675","-0,7084505609979197","1,2458262117590146","-1,8437826353127629","3,4115708827998534","-2,372542855557802","0,547603071086395","0,7310640529327506","2,6369047348126213","3,2628773884868068","1,6307319613502735","2,886300840785516","2,390650939746406","2,0287968504437037","1,7973592348116094","1,883020768162602","1,7409183913588224","6,9909866108160745","5,224055178040246","1,5943915634591965","3,212037328117692","5,084648080109488","2,904296010237567","3,596210409997247","2,5924558576329124","1,0444125596449583","1,4630551309514364"
2013Q1,"172,08","170,64000000000001","0,025727338302476532","178,16","175,97500000000002","0,03688536664407982","189,04","185,98749999999998","0,00785748154169208","146,47","146,945","0,017201993631455137","264,15","266,595","-0,009686017031788174","288,88","276,2575","0,017626094724143337","168,72","167,445","0,022924080211371933","190,0","188,8725","0,044071310116086115","146,12","146,005","-0,0153259934919322","195,33","200,635","-0,044333567524441286","132,79","131,8825","-0,02035320990176237","161,55","162,1","-0,01666691942552967","172,29","170,5925","0,013952866355612326","175,34","174,31750000000002","0,030382290789259914","164,8","162,645","0,034439992367868655","166,79","167,79500000000002","0,025297118939231922","291,24","289,5625","0,06564541356150522","213,36","212,93","0,008621098005779038","190,37","185,50500000000002","0,06221369674759525","159,53","160,0575","0,032862259219823775","154,5","152,5825","0,01747103442527309",False,"0,022081612145299245","0,024023766877226106","0,021363525008562766","0,01774914542576119","0,047179718203505715","0,041368533000226006","0,021620823238409928","0,03635787799280464","0,012321920043499596","0,03383472512993964","0,005247531977232246","0,026396720296443212","0,016237996091822395","0,023761000218492596","0,017865082896023763","0,017246873250226297","0,051874537595879996","0,03198736773829952","0,028860619185917646","0,025988563966380995","0,014371816945304493",1T2013,2013-01-01,"2,5727338302476532","2,2081612145299245","3,688536664407982","2,4023766877226107","0,785748154169208","2,1363525008562765","1,7201993631455137","1,774914542576119","-0,9686017031788174","4,717971820350572","1,7626094724143337","4,136853300022601","2,2924080211371933","2,162082323840993","4,4071310116086115","3,635787799280464","-1,53259934919322","1,2321920043499597","-4,433356752444128","3,383472512993964","-2,035320990176237","0,5247531977232246","-1,666691942552967","2,6396720296443212","1,3952866355612326","1,6237996091822395","3,0382290789259914","2,37610002184926","3,4439992367868655","1,7865082896023763","2,529711893923192","1,7246873250226298","6,564541356150522","5,187453759587999","0,8621098005779038","3,1987367738299524","6,221369674759525","2,8860619185917646","3,2862259219823775","2,5988563966380998","1,747103442527309","1,4371816945304494"
2013Q2,"174,45","172,2","0,03242052250550831","180,48","177,82","0,041741117197340305","200,25","189,845","0,02625853098182329","148,79","147,3525","0,015051578349148498","272,68","269,9475","0,007041334029694868","292,52","280,825","0,02874779056881982","171,06","168,915","0,029828224786233593","196,32","193,3375","0,06959600569824209","150,85","147,495","0,002770459760346844","195,06","198,4675","-0,049428246422798416","137,94","133,845","0,009503337481615803","165,74","162,725","-0,009043298215699491","181,34","174,04500000000002","0,029714978775015277","177,9","175,6725","0,03216851011325095","166,55","164,2175","0,0417248160365391","174,38","170,155","0,03840109848195894","296,92","293,6225","0,06806773125750265","219,05","214,76000000000002","0,012553188981482721","191,44","187,735","0,05976657869854218","160,36","160,6175","0,03034239435490349","154,43","153,0275","0,015613074498091795",False,"0,021954131078762006","0,02398596308176138","0,02132005013567593","0,01759934741449565","0,04657072407905448","0,041356309832058666","0,021488802801592773","0,036369689564532535","0,012185577969409046","0,03355374143188075","0,00501903324360054","0,02642439324476021","0,016168672570142054","0,023615491039521132","0,01775657344393143","0,01708456258686437","0,05150852341135754","0,03185436219542212","0,028678278269459623","0,026052569356432867","0,014113082581094623",2T2013,2013-04-01,"3,242052250550831","2,1954131078762007","4,1741117197340305","2,3985963081761383","2,625853098182329","2,1320050135675928","1,5051578349148498","1,7599347414495652","0,7041334029694868","4,6570724079054475","2,874779056881982","4,135630983205867","2,9828224786233593","2,1488802801592772","6,959600569824209","3,6369689564532535","0,2770459760346844","1,2185577969409045","-4,942824642279842","3,355374143188075","0,9503337481615803","0,501903324360054","-0,9043298215699491","2,642439324476021","2,9714978775015277","1,6168672570142053","3,2168510113250948","2,3615491039521133","4,17248160365391","1,7756573443931432","3,840109848195894","1,7084562586864371","6,806773125750265","5,150852341135754","1,2553188981482721","3,185436219542212","5,976657869854218","2,8678278269459625","3,034239435490349","2,6052569356432866","1,5613074498091795","1,4113082581094623"
2013Q3,"175,28","173,2425","0,030944552717318663","181,61","179,385","0,040486064789304166","197,44","193,4025","0,04826623666987362","149,84","148,20749999999998","0,016285807347470538","267,85","270,5775","0,013550719208869966","287,39","286,955","0,05929473868785595","171,85","169,84","0,028398425673630046","195,74","192,62","0,0504158145875937","151,39","148,555","0,011403867102396603","198,36","197,91250000000002","-0,04313825029612961","137,12","135,0","0,0223206679161696","168,02","162,78000000000003","-0,014619086534095826","182,89","176,61","0,03627642252570751","178,96","176,88500000000002","0,03076833425599501","167,66","165,46","0,039027912964300304","172,69","170,5725","0,027622561939905088","294,62","294,555","0,05131568380758633","218,69","216,49","0,020228796286478445","192,49","189,89249999999998","0,05691068223245699","162,89","161,4225","0,026991347499681906","155,71","154,0725","0,019469992721498075",False,"0,021826650012224766","0,02394815928629666","0,021276575262789088","0,01744954940323011","0,04596172995460325","0,04134408666389133","0,021356782364775617","0,03638150113626043","0,012049235895318493","0,033272757733821864","0,004790534509968834","0,02645206619307721","0,016099349048461713","0,02346998186054967","0,017648063991839102","0,01692225192350244","0,051142509226835074","0,03172135665254472","0,028495937353001596","0,02611657474648474","0,013854348216884749",3T2013,2013-07-01,"3,0944552717318663","2,1826650012224764","4,048606478930417","2,394815928629666","4,826623666987362","2,1276575262789086","1,6285807347470538","1,7449549403230111","1,3550719208869966","4,596172995460325","5,929473868785595","4,134408666389133","2,8398425673630046","2,1356782364775615","5,04158145875937","3,6381501136260432","1,1403867102396603","1,2049235895318493","-4,3138250296129605","3,3272757733821865","2,23206679161696","0,47905345099688335","-1,4619086534095826","2,645206619307721","3,627642252570751","1,6099349048461713","3,076833425599501","2,346998186054967","3,9027912964300304","1,7648063991839102","2,762256193990509","1,692225192350244","5,131568380758633","5,114250922683508","2,0228796286478445","3,172135665254472","5,691068223245699","2,8495937353001595","2,6991347499681906","2,611657474648474","1,9469992721498075","1,3854348216884749"
2013Q4,"175,56","174,3425","0,03205517159728277","181,5","180,4375","0,034752189932760746","195,43","195,54","0,05778775543323911","151,42","149,13","0,015145842551308686","289,17","273,4625","0,020430057372078814","286,67","288,865","0,0659126760823241","172,15","170,945","0,030860382023488064","198,4","195,115","0,07747742772731048","150,14","149,625","0,021609995903318246","202,32","197,76749999999998","-0,03257878710056139","135,96","135,95250000000001","0,03006023411751335","168,1","165,8525","0,015770697126058275","175,69","178,05249999999998","0,044280875646984574","179,52","177,93","0,027591285138822697","167,48","166,6225","0,036999579903844504","171,8","171,415","0,02694444860484979","307,43","297,5525","0,0401296874044168","215,08","216,54500000000002","0,018244657089789174","193,15","191,8625","0,05225272163874184","164,98","161,94","0,016094117647058814","155,86","155,125","0,02453602800343435",False,"0,021699168945687526","0,023910355490831935","0,021233100389902247","0,017299751391964574","0,045352735830152015","0,041331863495724","0,021224761927958462","0,03639331270798832","0,011912893821227942","0,03299177403576297","0,004562035776337127","0,02647973914139421","0,016030025526781372","0,02332447268157821","0,017539554539746774","0,016759941260140514","0,05077649504231262","0,03158835110966732","0,028313596436543572","0,02618058013653661","0,013595613852674878",4T2013,2013-10-01,"3,205517159728277","2,1699168945687526","3,4752189932760746","2,3910355490831936","5,778775543323911","2,123310038990225","1,5145842551308686","1,7299751391964575","2,0430057372078814","4,535273583015202","6,5912676082324095","4,1331863495724","3,0860382023488064","2,122476192795846","7,747742772731048","3,6393312707988317","2,1609995903318246","1,1912893821227943","-3,257878710056139","3,299177403576297","3,006023411751335","0,4562035776337127","1,5770697126058275","2,647973914139421","4,428087564698457","1,603002552678137","2,7591285138822697","2,332447268157821","3,6999579903844504","1,7539554539746773","2,694444860484979","1,6759941260140514","4,01296874044168","5,077649504231261","1,8244657089789174","3,1588351109667316","5,225272163874184","2,8313596436543573","1,6094117647058814","2,618058013653661","2,453602800343435","1,3595613852674877"
2014Q1,"177,04","175,58249999999998","0,028964486638537013","184,46","182,0125","0,03430885068901812","196,1","197,305","0,060850863633308716","149,62","149,9175","0,0202286569805028","269,2","274,725","0,030495695718224303","286,42","288,25","0,04341058613793303","173,44","172,125","0,027949475947325997","199,81","197,5675","0,04603634727130723","150,18","150,64","0,03174548816821332","205,66","200,35000000000002","-0,0014204899444263397","133,12","136,035","0,031486360965253146","167,01","167,2175","0,0315700185070944","184,87","181,1975","0,06216568723712945","180,11","179,1225","0,027564644972535524","170,9","168,1475","0,033831350487257605","173,92","173,1975","0,03219702613307884","310,08","302,2625","0,0438592704511116","216,22","217,26","0,02033532146714867","193,28","192,59","0,03819304061885109","165,51","163,435","0,021101791543663984","154,69","155,1725","0,01697442367243962",True,"0,021571687879150286","0,023872551695367214","0,02118962551701541","0,017149953380699034","0,04474374170570078","0,04131964032755667","0,02109274149114131","0,03640512427971621","0,011776551747137392","0,032710790337704077","0,004333537042705421","0,026507412089711208","0,01596070200510103","0,023178963502606748","0,017431045087654442","0,016597630596778587","0,05041048085779015","0,031455345566789916","0,02813125552008555","0,02624458552658848","0,013336879488465007",1T2014,2014-01-01,"2,8964486638537013","2,1571687879150288","3,430885068901812","2,3872551695367212","6,085086363330872","2,118962551701541","2,02286569805028","1,7149953380699035","3,0495695718224303","4,474374170570078","4,341058613793303","4,131964032755667","2,7949475947325997","2,109274149114131","4,603634727130723","3,6405124279716214","3,174548816821332","1,1776551747137392","-0,14204899444263397","3,2710790337704077","3,1486360965253146","0,4333537042705421","3,15700185070944","2,650741208971121","6,216568723712945","1,596070200510103","2,7564644972535524","2,317896350260675","3,3831350487257605","1,7431045087654442","3,2197026133078843","1,6597630596778588","4,38592704511116","5,041048085779015","2,033532146714867","3,1455345566789914","3,8193040618851093","2,8131255520085547","2,1101791543663984","2,6244585526588478","1,697442367243962","1,3336879488465008"
2014Q2,"174,43","175,57750000000001","0,01961382113821153","183,46","182,75750000000002","0,027766842874817455","187,47","194,11","0,022465695699123156","150,59","150,3675","0,02046113910520697","267,2","273,355","0,01262282480852761","281,42","285,475","0,01655835484732493","171,01","172,1125","0,018929639167628798","196,34","197,5725","0,021904700329734128","146,61","149,57999999999998","0,01413607240923409","213,31","204,9125","0,032473830727952846","127,5","133,425","-0,0031379580858454936","161,91","166,26","0,021723767091719193","176,69","180,03500000000003","0,03441638656669266","179,23","179,455","0,021531543070201664","165,38","167,855","0,022150501621325258","172,37","172,695","0,014927566042725715","313,51","306,40999999999997","0,04355081780176917","215,25","216,31","0,007217358912274152","192,67","192,8975","0,027498868085332973","165,28","164,665","0,025199620215729857","155,65","155,4775","0,016010194246132148",True,"0,021444206812613047","0,02383474789990249","0,02114615064412857","0,017000155369433494","0,04413474758124955","0,04130741715938933","0,020960721054324158","0,03641693585144411","0,011640209673046839","0,03242980663964519","0,004105038309073715","0,02653508503802821","0,01589137848342069","0,023033454323635287","0,017322535635562113","0,01643531993341666","0,05004446667326769","0,031322340023912515","0,02794891460362752","0,02630859091664035","0,013078145124255133",2T2014,2014-04-01,"1,961382113821153","2,1444206812613045","2,7766842874817455","2,383474789990249","2,2465695699123156","2,114615064412857","2,046113910520697","1,7000155369433494","1,262282480852761","4,413474758124955","1,655835484732493","4,130741715938933","1,8929639167628798","2,0960721054324156","2,190470032973413","3,6416935851444108","1,413607240923409","1,164020967304684","3,2473830727952846","3,242980663964519","-0,31379580858454936","0,41050383090737147","2,1723767091719193","2,6535085038028208","3,441638656669266","1,589137848342069","2,1531543070201664","2,3033454323635287","2,215050162132526","1,7322535635562113","1,4927566042725715","1,643531993341666","4,355081780176917","5,004446667326769","0,7217358912274152","3,1322340023912516","2,7498868085332973","2,794891460362752","2,5199620215729857","2,630859091664035","1,6010194246132148","1,3078145124255134"
2014Q3,"174,32","175,33749999999998","0,01209287559345995","183,66","183,27","0,021657329208127907","183,09","190,52249999999998","-0,014891224260286329","151,22","150,7125","0,016901978644805693","280,19","276,44","0,021666620469181774","289,13","285,91","-0,0036416859786376765","170,94","171,885","0,012040744229863343","200,62","198,7925","0,03204495898660564","145,76","148,1725","-0,0025748039446669146","218,37","209,915","0,06064548727341612","129,6","131,54500000000002","-0,0255925925925925","158,52","163,885","0,006788303231354931","166,99","176,06","-0,003114206443576295","179,65","179,6275","0,015504423778160747","166,66","167,605","0,01296385833434055","174,61","173,17499999999998","0,015257441850239584","314,24","311,315","0,056899390606168554","214,85","215,35","-0,0052658321400527175","192,88","192,99499999999998","0,01633819134510306","164,95","165,18","0,023277424150908388","155,29","155,3725","0,008437586201301306",True,"0,021316725746075807","0,023796944104437768","0,021102675771241728","0,016850357358167957","0,043525753456798315","0,041295193991221994","0,020828700617507002","0,036428747423171995","0,011503867598956288","0,0321488229415863","0,0038765395754420083","0,026562757986345206","0,015822054961740353","0,022887945144663822","0,01721402618346978","0,016273009270054734","0,04967845248874522","0,031189334481035117","0,027766573687169498","0,026372596306692222","0,012819410760045263",3T2014,2014-07-01,"1,209287559345995","2,1316725746075806","2,1657329208127907","2,379694410443777","-1,4891224260286329","2,110267577124173","1,6901978644805693","1,6850357358167958","2,1666620469181774","4,352575345679831","-0,36416859786376765","4,1295193991221995","1,2040744229863343","2,0828700617507003","3,2044958986605643","3,6428747423171997","-0,25748039446669146","1,1503867598956288","6,064548727341612","3,21488229415863","-2,55925925925925","0,38765395754420084","0,6788303231354931","2,6562757986345207","-0,3114206443576295","1,5822054961740353","1,5504423778160747","2,288794514466382","1,296385833434055","1,7214026183469782","1,5257441850239584","1,6273009270054732","5,689939060616855","4,967845248874522","-0,5265832140052717","3,118933448103512","1,633819134510306","2,7766573687169496","2,327742415090839","2,637259630669222","0,8437586201301306","1,2819410760045262"
2014Q4,"175,24","175,2575","0,005248290003871725","186,42","184,5","0,022514721163837903","182,75","187,35250000000002","-0,04187122839316748","149,97","150,35000000000002","0,008180781868168951","260,77","269,34","-0,015075193125200004","271,91","282,22","-0,023003825316324167","171,66","171,7625","0,0047822399017227735","206,14","200,7275","0,0287650872562335","146,88","147,35750000000002","-0,01515455304928981","225,16","215,625","0,09029542265539092","128,05","129,5675","-0,04696493260513801","163,11","162,6375","-0,019384694231320054","168,83","174,345","-0,02082251021468373","179,84","179,7075","0,009989883662114396","167,49","167,6075","0,005911566565139692","175,1","174,0","0,015080360528541892","315,46","313,3225","0,05299905058771137","214,77","215,2725","-0,0058763767346279305","194,22","193,2625","0,00729689230568753","164,37","165,0275","0,019065703346918594","155,46","155,2725","0,0009508460918614681",True,"0,021189244679538567","0,023759140308973047","0,02105920089835489","0,016700559346902413","0,042916759332347086","0,04128297082305466","0,020696680180689847","0,03644055899489989","0,011367525524865738","0,03186783924352741","0,0036480408418103037","0,026590430934662207","0,01575273144006001","0,02274243596569236","0,017105516731377453","0,016110698606692807","0,04931243830422276","0,031056328938157716","0,027584232770711474","0,026436601696744094","0,012560676395835392",4T2014,2014-10-01,"0,5248290003871725","2,118924467953857","2,2514721163837903","2,3759140308973046","-4,187122839316748","2,105920089835489","0,8180781868168951","1,6700559346902413","-1,5075193125200004","4,291675933234709","-2,3003825316324167","4,128297082305466","0,47822399017227735","2,0696680180689846","2,87650872562335","3,644055899489989","-1,515455304928981","1,1367525524865738","9,029542265539092","3,1867839243527407","-4,696493260513801","0,3648040841810304","-1,9384694231320054","2,6590430934662206","-2,082251021468373","1,5752731440060013","0,9989883662114396","2,274243596569236","0,5911566565139692","1,7105516731377453","1,5080360528541892","1,6110698606692806","5,299905058771137","4,931243830422276","-0,587637673462793","3,1056328938157716","0,729689230568753","2,7584232770711474","1,9065703346918594","2,6436601696744093","0,0950846091861468","1,2560676395835393"
2015Q1,"173,85","174,46","-0,006393006136716228","183,23","184,1925","0,011977199368175206","177,17","182,62","-0,07442791617039612","149,27","150,26250000000002","0,0023012656961329814","276,96","271,28","-0,012539812539812734","269,12","277,895","-0,03592367736339985","170,53","171,03499999999997","-0,006332607116921074","210,78","203,46999999999997","0,02987586521062413","144,19","145,86","-0,03173127987254365","232,44","222,32","0,10965809832792606","124,95","127,52499999999999","-0,06255743007314296","159,48","160,755","-0,03864727077010488","166,06","169,6425","-0,0637701955049047","177,89","179,1525","0,00016748314700842926","163,9","165,85750000000002","-0,013618995227404507","170,23","173,07750000000001","-0,000692850647382226","318,65","315,46500000000003","0,04367892146726793","214,4","214,8175","-0,011242290343367323","193,07","193,20999999999998","0,003219274105612735","162,11","164,1775","0,004543090525285232","155,75","155,5375","0,0023522209154327456",True,"0,021061763613001327","0,023721336513508322","0,02101572602546805","0,016550761335636877","0,04230776520789585","0,04127074765488732","0,02056465974387269","0,036452370566627784","0,011231183450775187","0,031586855545468515","0,0034195421081785957","0,026618103882979208","0,01568340791837967","0,0225969267867209","0,016997007279285124","0,01594838794333088","0,0489464241197003","0,030923323395280318","0,02740189185425345","0,026500607086795965","0,012301942031625521",1T2015,2015-01-01,"-0,6393006136716228","2,1061763613001325","1,1977199368175206","2,372133651350832","-7,442791617039612","2,101572602546805","0,23012656961329814","1,6550761335636877","-1,2539812539812734","4,230776520789585","-3,5923677363399853","4,127074765488732","-0,6332607116921074","2,0564659743872693","2,987586521062413","3,6452370566627783","-3,173127987254365","1,1231183450775186","10,965809832792605","3,1586855545468513","-6,255743007314296","0,3419542108178596","-3,864727077010488","2,661810388297921","-6,37701955049047","1,568340791837967","0,016748314700842926","2,25969267867209","-1,3618995227404507","1,6997007279285123","-0,0692850647382226","1,594838794333088","4,367892146726793","4,89464241197003","-1,1242290343367323","3,0923323395280318","0,3219274105612735","2,740189185425345","0,45430905252852316","2,6500607086795966","0,23522209154327456","1,2301942031625521"
2015Q2,"169,75","173,29","-0,013028434736797267","179,72","183,2575","0,0027358658331393393","164,85","176,96499999999997","-0,08832620678996461","148,09","149,6375","-0,004854772474105262","290,66","277,145","0,013864754623108988","252,7","270,715","-0,05170330151501901","166,84","169,99249999999998","-0,01231752487471871","204,59","205,5325","0,040289007832567725","139,5","144,08249999999998","-0,036752908142799856","231,91","226,97","0,10764350637467213","119,53","125,53250000000001","-0,05915308225594906","158,57","159,92000000000002","-0,03813304462889433","158,16","165,01","-0,0834559946677037","175,29","178,1675","-0,0071745005711739696","156,68","163,6825","-0,024857764141669847","166,91","171,7125","-0,0056892208807434175","311,15","314,875","0,027626382950948214","212,82","214,21","-0,009708289029633388","191,98","193,0375","0,000725774050985617","160,2","162,9075","-0,01067318495126468","155,14","155,41","-0,00043414641989991676",True,"0,020934282546464088","0,023683532718043597","0,02097225115258121","0,016400963324371336","0,04169877108344462","0,04125852448671999","0,02043263930705554","0,03646418213835568","0,011094841376684634","0,03130587184740963","0,003191043374546891","0,026645776831296205","0,01561408439669933","0,022451417607749435","0,016888497827192792","0,015786077279968953","0,048580409935177836","0,030790317852402917","0,027219550937795427","0,026564612476847833","0,012043207667415647",2T2015,2015-04-01,"-1,3028434736797267","2,0934282546464087","0,27358658331393393","2,36835327180436","-8,832620678996461","2,0972251152581207","-0,4854772474105262","1,6400963324371336","1,3864754623108988","4,169877108344462","-5,170330151501901","4,125852448671999","-1,231752487471871","2,043263930705554","4,0289007832567725","3,646418213835568","-3,6752908142799856","1,1094841376684634","10,764350637467214","3,1305871847409628","-5,915308225594906","0,31910433745468914","-3,813304462889433","2,6645776831296204","-8,34559946677037","1,561408439669933","-0,717450057117397","2,2451417607749438","-2,4857764141669847","1,6888497827192792","-0,5689220880743417","1,5786077279968953","2,7626382950948214","4,8580409935177835","-0,9708289029633388","3,0790317852402915","0,0725774050985617","2,7219550937795427","-1,067318495126468","2,6564612476847835","-0,043414641989991676","1,2043207667415647"
2015Q3,"166,96","171,45000000000002","-0,022171526342054437","176,42","181,4475","-0,009944344409887118","155,61","170,09500000000003","-0,10721830754897688","148,36","148,9225","-0,011876917972961754","286,42","278,7025","0,008184416148169449","230,52","256,0625","-0,10439473960337176","164,51","168,385","-0,02036245163917738","203,03","206,135","0,036935498069595285","137,03","141,9","-0,042332416609019985","228,61","229,53","0,09344258390300841","115,97","122,125","-0,07161047550267985","163,63","161,1975","-0,016398694206303244","156,05","162,275","-0,07829717141883452","173,47","176,6225","-0,016729064313649067","152,37","160,11","-0,04471823632946492","165,78","169,505","-0,02119243539771898","308,1","313,34000000000003","0,006504665692305345","212,08","213,51749999999998","-0,008509403296958484","192,39","192,915","-0,0004145185108421767","156,49","160,7925","-0,026561932437341174","155,7","155,5125","0,0009010603549532981",True,"0,020806801479926848","0,023645728922578876","0,02092877627969437","0,016251165313105796","0,041089776958993386","0,041246301318552656","0,020300618870238388","0,03647599371008357","0,010958499302594083","0,031024888149350737","0,002962544640915183","0,026673449779613206","0,015544760875018989","0,022305908428777978","0,016779988375100464","0,015623766616607025","0,04821439575065538","0,030657312309525515","0,027037210021337403","0,026628617866899705","0,011784473303205777",3T2015,2015-07-01,"-2,2171526342054437","2,080680147992685","-0,9944344409887118","2,3645728922578875","-10,721830754897688","2,092877627969437","-1,1876917972961754","1,6251165313105795","0,8184416148169449","4,1089776958993385","-10,439473960337175","4,124630131855265","-2,036245163917738","2,0300618870238387","3,6935498069595285","3,6475993710083565","-4,2332416609019985","1,0958499302594082","9,34425839030084","3,102488814935074","-7,161047550267985","0,2962544640915183","-1,6398694206303244","2,6673449779613208","-7,829717141883452","1,5544760875018988","-1,6729064313649067","2,2305908428777976","-4,471823632946492","1,6779988375100463","-2,119243539771898","1,5623766616607024","0,6504665692305345","4,821439575065538","-0,8509403296958484","3,0657312309525517","-0,04145185108421767","2,70372100213374","-2,6561932437341174","2,6628617866899704","0,0901060354953298","1,1784473303205776"
2015Q4,"165,68","169,06","-0,03536225268533444","175,2","178,64249999999998","-0,0317479674796749","147,35","161,245","-0,13934962170240595","147,08","148,20000000000002","-0,01429996674426337","296,52","287,64","0,06794386277567388","218,26","242,65","-0,14020976543122388","163,55","166,35750000000002","-0,031467869878465726","207,78","206,54500000000002","0,028982077692394137","134,62","138,835","-0,057835536026330625","219,83","228,19750000000002","0,05830724637681173","113,82","118,5675","-0,08489783317575783","166,39","162,01749999999998","-0,0038121589424333635","153,74","158,5025","-0,09086867991625802","172,68","174,83249999999998","-0,02712741538333141","149,11","155,51500000000001","-0,07214772608624298","163,22","166,535","-0,04290229885057473","304,07","310,4925","-0,009032227178067287","211,14","212,61","-0,01236804515207468","192,61","192,5125","-0,003880732164801781","156,85","158,9125","-0,03705443032221911","156,11","155,67499999999998","0,002592216908982481",True,"0,02067932041338961","0,023607925127114154","0,02088530140680753","0,01610136730184026","0,04048078283454216","0,041234078150385316","0,020168598433421232","0,03648780528181146","0,010822157228503533","0,030743904451291847","0,0027340459072834784","0,026701122727930203","0,01547543735333865","0,022160399249806513","0,01667147892300813","0,015461455953245096","0,047848381566132914","0,030524306766648114","0,026854869104879376","0,026692623256951577","0,011525738938995906",4T2015,2015-10-01,"-3,536225268533444","2,067932041338961","-3,17479674796749","2,3607925127114155","-13,934962170240595","2,0885301406807533","-1,429996674426337","1,610136730184026","6,794386277567388","4,048078283454216","-14,020976543122387","4,123407815038531","-3,1467869878465726","2,0168598433421234","2,8982077692394137","3,6487805281811463","-5,783553602633063","1,0822157228503533","5,830724637681173","3,074390445129185","-8,489783317575784","0,27340459072834783","-0,38121589424333635","2,67011227279302","-9,086867991625802","1,547543735333865","-2,712741538333141","2,2160399249806515","-7,214772608624298","1,6671478923008132","-4,290229885057473","1,5461455953245096","-0,9032227178067287","4,784838156613292","-1,236804515207468","3,0524306766648115","-0,3880732164801781","2,6854869104879375","-3,705443032221911","2,6692623256951578","0,2592216908982481","1,1525738938995906"
2016Q1,"163,3","166,4225","-0,04607073254614236","172,92","176,065","-0,04412503223529729","144,0","152,95250000000001","-0,162454824225167","149,22","148,1875","-0,013809167290574909","298,15","292,9375","0,07983448835151874","206,09","226,89249999999998","-0,18353154968603247","161,22","164,03","-0,04095652936533445","192,72","202,03000000000003","-0,007077210399567213","134,21","136,34","-0,06526806526806528","218,61","224,74","0,010885210507376897","113,58","115,725","-0,09253087629876489","169,56","164,5375","0,02352959472489191","150,52","154,6175","-0,088568607512858","172,17","173,40249999999997","-0,03209556104436184","145,92","151,02","-0,08945932502298659","160,06","163,9925","-0,05249093614132405","305,54","307,21500000000003","-0,026151871047501274","209,66","211,425","-0,01579247500785541","193,16","192,53500000000003","-0,0034936079913046036","158,0","157,885","-0,038327420017968516","154,7","155,4125","-0,0008036647110825079",True,"0,02055183934685237","0,02357012133164943","0,02084182653392069","0,01595156929057472","0,03987178871009092","0,04122185498221798","0,020036577996604077","0,036499616853539356","0,01068581515441298","0,030462920753232956","0,002505547173651774","0,026728795676247204","0,01540611383165831","0,022014890070835052","0,016562969470915803","0,01529914528988317","0,04748236738161045","0,030391301223770716","0,026672528188421352","0,02675662864700345","0,011267004574786032",1T2016,2016-01-01,"-4,607073254614235","2,0551839346852367","-4,412503223529729","2,357012133164943","-16,245482422516698","2,084182653392069","-1,3809167290574909","1,5951569290574719","7,983448835151874","3,987178871009092","-18,353154968603246","4,122185498221798","-4,095652936533445","2,0036577996604077","-0,7077210399567213","3,6499616853539356","-6,526806526806528","1,068581515441298","1,0885210507376897","3,046292075323296","-9,25308762987649","0,25055471736517737","2,352959472489191","2,6728795676247206","-8,8568607512858","1,540611383165831","-3,209556104436184","2,2014890070835054","-8,945932502298659","1,6562969470915803","-5,249093614132406","1,529914528988317","-2,6151871047501274","4,748236738161045","-1,579247500785541","3,0391301223770717","-0,34936079913046036","2,6672528188421354","-3,8327420017968516","2,6756628647003446","-0,08036647110825079","1,1267004574786033"
2016Q2,"163,75","164,9225","-0,0482861099890356","171,89","174,1075","-0,049929743666698556","147,6","148,64","-0,160059898850055","148,8","148,365","-0,008503884387269123","298,65","294,93499999999995","0,06419022533330909","228,24","220,77749999999997","-0,1844652124928431","161,71","162,7475","-0,04261952733208807","192,84","199,0925","-0,031333244134139404","133,71","134,8925","-0,06378290215675031","220,03","221,77","-0,022910516808388737","114,23","114,39999999999999","-0,08868221376934271","173,76","168,33499999999998","0,05262006003001485","145,5","151,45250000000001","-0,08216168717047434","171,51","172,45749999999998","-0,03204849369273299","145,23","148,1575","-0,09484825806057462","158,86","161,98000000000002","-0,0566790420033485","305,3","305,7525","-0,02897181421198891","206,14","209,755","-0,020797348396433435","192,8","192,74","-0,0015411513306998748","157,0","157,085","-0,03574114144529861","156,3","155,7025","0,0018821182678077086",True,"0,02042435828031513","0,023532317536184708","0,020798351661033852","0,01580177127930918","0,03926279458563969","0,04120963181405065","0,01990455755978692","0,03651142842526725","0,01054947308032243","0,030181937055174066","0,002277048440020066","0,026756468624564204","0,01533679030997797","0,02186938089186359","0,016454460018823475","0,015136834626521243","0,047116353197087985","0,030258295680893315","0,026490187271963325","0,02682063403705532","0,011008270210576161",2T2016,2016-04-01,"-4,82861099890356","2,042435828031513","-4,992974366669856","2,353231753618471","-16,0059898850055","2,0798351661033854","-0,8503884387269123","1,5801771279309178","6,419022533330909","3,926279458563969","-18,44652124928431","4,120963181405065","-4,2619527332088065","1,9904557559786922","-3,1333244134139404","3,651142842526725","-6,378290215675031","1,054947308032243","-2,2910516808388737","3,0181937055174064","-8,86822137693427","0,22770484400200658","5,262006003001485","2,6756468624564205","-8,216168717047434","1,533679030997797","-3,2048493692732993","2,1869380891863592","-9,484825806057462","1,6454460018823474","-5,66790420033485","1,5136834626521243","-2,897181421198891","4,711635319708798","-2,0797348396433435","3,0258295680893315","-0,15411513306998748","2,6490187271963324","-3,5741141445298608","2,682063403705532","0,18821182678077086","1,100827021057616"
2016Q3,"162,86","163,8975","-0,04405074365704287","171,28","172,8225","-0,047534410779977665","138,65","144,4","-0,15106264146506376","148,22","148,33","-0,003978579462472154","283,72","294,26","0,055821171320673546","213,32","216,4775","-0,15459116426653652","160,96","161,86","-0,03875048252516544","196,04","197,34499999999997","-0,04264195794018488","132,15","133,6725","-0,05798097251585621","229,26","221,9325","-0,033100248333551185","112,62","113,5625","-0,0701125895598772","173,66","170,8425","0,05983343414134845","140,43","147,5475","-0,0907564319827453","170,49","171,71249999999998","-0,02779940268085901","144,15","146,1025","-0,08748672787458633","155,4","159,38500000000002","-0,05970325359133932","308,71","305,905","-0,02372821854854168","203,56","207,625","-0,027597269544650804","192,26","192,7075","-0,0010756032449523723","156,6","157,1125","-0,02288663961316595","156,31","155,85500000000002","0,002202395305843874",True,"0,02029687721377789","0,023494513740719983","0,02075487678814701","0,015651973268043642","0,03865380046118846","0,04119740864588331","0,01977253712296977","0,03652323999699514","0,010413131006231879","0,029900953357115175","0,002048549706388361","0,0267841415728812","0,015267466788297629","0,021723871712892126","0,016345950566731143","0,014974523963159314","0,04675033901256552","0,030125290138015917","0,0263078463555053","0,02688463942710719","0,01074953584636629",3T2016,2016-07-01,"-4,405074365704287","2,029687721377789","-4,753441077997767","2,3494513740719984","-15,106264146506376","2,075487678814701","-0,3978579462472154","1,5651973268043642","5,582117132067355","3,8653800461188457","-15,459116426653651","4,119740864588331","-3,875048252516544","1,9772537122969769","-4,264195794018488","3,652323999699514","-5,798097251585621","1,041313100623188","-3,3100248333551185","2,9900953357115174","-7,011258955987721","0,20485497063883612","5,983343414134845","2,6784141572881204","-9,07564319827453","1,5267466788297628","-2,779940268085901","2,1723871712892127","-8,748672787458634","1,6345950566731142","-5,970325359133932","1,4974523963159314","-2,372821854854168","4,675033901256552","-2,7597269544650804","3,0125290138015917","-0,10756032449523723","2,63078463555053","-2,288663961316595","2,6884639427107193","0,2202395305843874","1,0749535846366292"
2016Q4,"162,68","163,1475","-0,03497279072518633","170,87","171,73999999999998","-0,0386386218285123","136,1","141,58749999999998","-0,12191075692269548","147,89","148,5325","0,0022435897435895136","277,49","289,5025","0,006475107773605826","221,15","217,2","-0,10488357716876162","160,7","161,1475","-0,031318095066348084","205,85","196,86249999999998","-0,04687840422184042","129,83","132,47500000000002","-0,04580977419238652","232,38","225,07","-0,013705233405274075","111,18","112,9025","-0,04777869146266889","172,94","172,48","0,06457635749224622","134,21","142,66500000000002","-0,09991955962839694","169,53","170,925","-0,02234996353652763","143,56","144,715","-0,069446677169405","154,44","157,19","-0,05611433032095359","296,85","304,1","-0,020588258975659635","201,9","205,315","-0,03431165043977247","192,34","192,64000000000001","0,0006622946561913867","155,41","156,7525","-0,01359238574687327","155,53","155,71","0,0002248273647023069",True,"0,02016939614724065","0,023456709945255262","0,02071140191526017","0,0155021752567781","0,03804480633673722","0,04118518547771598","0,019640516686152618","0,03653505156872303","0,010276788932141326","0,029619969659056285","0,0018200509727566531","0,026811814521198202","0,015198143266617288","0,02157836253392067","0,01623744111463881","0,014812213299797388","0,04638432482804306","0,029992284595138516","0,026125505439047278","0,026948644817159063","0,010490801482156416",4T2016,2016-10-01,"-3,497279072518633","2,016939614724065","-3,86386218285123","2,345670994525526","-12,191075692269548","2,071140191526017","0,22435897435895136","1,5502175256778101","0,6475107773605826","3,8044806336737222","-10,488357716876163","4,118518547771598","-3,1318095066348084","1,9640516686152618","-4,687840422184042","3,653505156872303","-4,580977419238652","1,0276788932141325","-1,3705233405274075","2,9619969659056284","-4,777869146266889","0,18200509727566533","6,457635749224622","2,6811814521198203","-9,991955962839693","1,5198143266617288","-2,234996353652763","2,157836253392067","-6,944667716940501","1,623744111463881","-5,611433032095359","1,4812213299797388","-2,0588258975659635","4,638432482804307","-3,4311650439772468","2,9992284595138514","0,06622946561913867","2,6125505439047276","-1,359238574687327","2,694864481715906","0,02248273647023069","1,0490801482156416"
2017Q1,"164,36","163,4125","-0,01808649671769158","171,97","171,5025","-0,025913725044727776","136,6","139,73749999999998","-0,0863993723541624","147,01","147,98","-0,0014002530577815753","301,98","290,46000000000004","-0,008457435459782281","227,78","222,6225","-0,018819484998402247","162,45","161,45499999999998","-0,015698347863195905","230,33","206,26500000000001","0,020962233331683233","130,92","131,6525","-0,034380959366290154","236,64","229,5775","0,021524873186793636","113,48","112,8775","-0,02460574638150781","173,97","173,58249999999998","0,05497227075894551","132,6","138,185","-0,1062783966886025","170,08","170,4025","-0,01730078862761475","144,23","144,29250000000002","-0,04454707985697248","156,69","156,3475","-0,046617985578608856","308,96","304,955","-0,007356411633546722","201,7","203,325","-0,038311457963817075","193,33","192,6825","0,0007660944763288047","155,79","156,2","-0,01067232479336222","155,32","155,865","0,0029116062092817696",False,"0,02004191508070341","0,023418906149790537","0,02066792704237333","0,015352377245512562","0,03743581221228599","0,041172962309548644","0,019508496249335462","0,03654686314045093","0,010140446858050775","0,029338985960997394","0,0015915522391249486","0,0268394874695152","0,015128819744936947","0,021432853354949204","0,016128931662546482","0,014649902636435461","0,0460183106435206","0,029859279052261115","0,025943164522589254","0,027012650207210935","0,010232067117946546",1T2017,2017-01-01,"-1,808649671769158","2,004191508070341","-2,5913725044727776","2,3418906149790537","-8,63993723541624","2,066792704237333","-0,14002530577815753","1,5352377245512563","-0,8457435459782281","3,7435812212285993","-1,8819484998402247","4,117296230954865","-1,5698347863195905","1,9508496249335463","2,0962233331683233","3,654686314045093","-3,4380959366290154","1,0140446858050776","2,1524873186793636","2,9338985960997395","-2,460574638150781","0,15915522391249487","5,497227075894551","2,68394874695152","-10,62783966886025","1,5128819744936948","-1,730078862761475","2,1432853354949204","-4,454707985697248","1,6128931662546482","-4,661798557860886","1,4649902636435461","-0,7356411633546722","4,6018310643520595","-3,8311457963817075","2,9859279052261116","0,07660944763288047","2,5943164522589255","-1,067232479336222","2,7012650207210935","0,29116062092817696","1,0232067117946546"
2017Q2,"165,73","163,9075","-0,006154405857296652","174,8","172,23","-0,010783567623451007","136,5","136,9625","-0,0785622981700752","147,27","147,5975","-0,005173052943753698","306,06","292,3125","-0,008891789716378051","227,59","222,46","0,007620794691488131","163,59","161,92499999999998","-0,005053841072827692","222,85","213,7675","0,07370945665959305","131,51","131,1025","-0,028096447170895544","238,23","234,1275","0,055722144564188","114,34","112,905","-0,013068181818181701","174,2","173,6925","0,03182641756022231","129,25","134,1225","-0,11442531486769791","172,02","170,53","-0,011176666714987626","148,04","144,995","-0,021345527563572553","158,93","156,365","-0,03466477342881846","306,68","305,3","-0,0014799551925167576","203,16","202,57999999999998","-0,03420657433672625","194,82","193,1875","0,002321780637127624","157,93","156,4325","-0,004153802081675595","156,33","155,8725","0,0010918257574541457",False,"0,01991443401416617","0,023381102354325816","0,020624452169486492","0,015202579234247022","0,03682681808783476","0,041160739141381304","0,019376475812518307","0,036558674712178815","0,010004104783960225","0,029058002262938504","0,0013630535054932405","0,0268671604178322","0,015059496223256608","0,021287344175977743","0,016020422210454154","0,014487591973073533","0,04565229645899814","0,029726273509383713","0,02576082360613123","0,027076655597262807","0,009973332753736675",2T2017,2017-04-01,"-0,6154405857296652","1,991443401416617","-1,0783567623451007","2,338110235432582","-7,85622981700752","2,062445216948649","-0,5173052943753698","1,5202579234247022","-0,8891789716378051","3,682681808783476","0,7620794691488131","4,116073914138131","-0,5053841072827692","1,9376475812518308","7,370945665959305","3,6558674712178814","-2,8096447170895544","1,0004104783960224","5,5722144564188","2,9058002262938505","-1,30681818181817","0,13630535054932405","3,182641756022231","2,68671604178322","-11,442531486769791","1,5059496223256608","-1,1176666714987626","2,1287344175977743","-2,1345527563572553","1,6020422210454153","-3,4664773428818463","1,4487591973073533","-0,14799551925167576","4,565229645899814","-3,4206574336726248","2,9726273509383714","0,2321780637127624","2,576082360613123","-0,4153802081675595","2,707665559726281","0,10918257574541457","0,9973332753736676"
2017Q3,"166,11","164,72","0,005018380390182875","176,5","173,535","0,004122727075467569","137,05","136,5625","-0,05427631578947367","147,12","147,3225","-0,006792287467134228","311,09","299,155","0,016634948684836504","233,08","227,4","0,05045559007287137","163,86","162,65","0,0048807611516124005","217,86","219,2225","0,11085915528642754","131,63","130,9725","-0,02019861976098314","235,48","235,6825","0,06195577484144943","116,13","113,7825","0,0019372592184920823","174,15","173,815","0,017399066391559526","126,67","130,6825","-0,11430217387620945","172,92","171,1375","-0,003348620513940359","149,98","146,4525","0,0023955784466385133","159,67","157,4325","-0,012250211751419604","307,83","305,08","-0,002696915709125336","202,31","202,2675","-0,025803732691149883","195,87","194,09","0,007174085077124692","158,9","157,0075","-0,0006683109237012319","156,87","156,0125","0,0010105546822365419",False,"0,01978695294762893","0,023343298558861095","0,02058097729659965","0,015052781222981483","0,03621782396338353","0,04114851597321397","0,01924445537570115","0,03657048628390671","0,009867762709869674","0,028777018564879613","0,001134554771861536","0,0268948333661492","0,014990172701576269","0,02114183499700628","0,015911912758361825","0,014325281309711606","0,045286282274475675","0,029593267966506312","0,025578482689673207","0,027140660987314675","0,009714598389526805",3T2017,2017-07-01,"0,5018380390182875","1,978695294762893","0,41227270754675693","2,3343298558861094","-5,427631578947367","2,058097729659965","-0,6792287467134228","1,5052781222981484","1,6634948684836504","3,621782396338353","5,045559007287137","4,1148515973213975","0,48807611516124005","1,924445537570115","11,085915528642754","3,657048628390671","-2,019861976098314","0,9867762709869674","6,195577484144943","2,8777018564879615","0,19372592184920823","0,11345547718615359","1,7399066391559526","2,68948333661492","-11,430217387620944","1,499017270157627","-0,3348620513940359","2,114183499700628","0,23955784466385133","1,5911912758361826","-1,2250211751419604","1,4325281309711606","-0,2696915709125336","4,528628227447568","-2,5803732691149883","2,959326796650631","0,7174085077124692","2,5578482689673208","-0,06683109237012319","2,7140660987314673","0,10105546822365419","0,9714598389526805"
2017Q4,"167,01","165,8025","0,016273617432078336","177,04","175,0775","0,01943344590660301","141,42","137,89249999999998","-0,02609693652335121","148,69","147,52249999999998","-0,006799858616801213","301,14","305,0675","0,05376464797367908","242,41","232,715","0,07143186003683244","164,71","163,6525","0,015544764889309448","219,33","222,59250000000003","0,1307003619277416","133,13","131,79749999999999","-0,005114172485374935","235,06","236,3525","0,05012884880259483","118,03","115,495","0,022962290471867375","173,71","174,0075","0,008856099257884997","129,14","129,415","-0,09287491676304649","173,7","172,18","0,007342401638145368","151,2","148,36249999999998","0,025204712711190735","160,61","158,975","0,011355684203829819","309,0","308,1175","0,013211114764879905","204,59","202,94","-0,011567591262206856","196,73","195,1875","0,013224148671096225","158,31","157,73250000000002","0,006251893909188233","156,7","156,305","0,0038212060882409915",False,"0,01965947188109169","0,02330549476339637","0,020537502423712814","0,014902983211715943","0,03560882983893229","0,04113629280504664","0,019112434938884","0,036582297855634605","0,009731420635779121","0,028496034866820723","0,0009060560382298313","0,0269225063144662","0,014920849179895928","0,020996325818034817","0,015803403306269493","0,014162970646349679","0,04492026808995321","0,029460262423628914","0,02539614177321518","0,027204666377366547","0,00945586402531693",4T2017,2017-10-01,"1,6273617432078336","1,965947188109169","1,9433445906603009","2,330549476339637","-2,609693652335121","2,0537502423712812","-0,6799858616801213","1,4902983211715943","5,376464797367908","3,5608829838932294","7,143186003683244","4,1136292805046635","1,5544764889309448","1,9112434938884","13,07003619277416","3,6582297855634605","-0,5114172485374935","0,9731420635779121","5,012884880259483","2,849603486682072","2,2962290471867375","0,09060560382298313","0,8856099257884997","2,69225063144662","-9,287491676304649","1,4920849179895928","0,7342401638145368","2,0996325818034816","2,5204712711190735","1,5803403306269492","1,135568420382982","1,416297064634968","1,3211114764879905","4,4920268089953215","-1,1567591262206856","2,9460262423628913","1,3224148671096225","2,539614177321518","0,6251893909188233","2,7204666377366546","0,38212060882409915","0,945586402531693"
2018Q1,"168,03","166,72","0,020240189703970124","178,37","176,6775","0,030174487252372373","141,26","139,0575","-0,0048662671079701125","148,58","147,915","-0,0004392485471009788","315,67","308,49","0,062073951662879434","242,99","236,51749999999998","0,062415074846432717","165,73","164,4725","0,01868941810411573","223,09","220,7825","0,07038276004169375","133,64","132,4775","0,006266497028161178","238,22","236,7475","0,031231283553484257","117,68","116,545","0,032490974729241895","179,49","175,3875","0,010398513675053733","125,77","127,70749999999998","-0,07582226725042529","174,73","173,3425","0,01725326799782856","153,48","150,67499999999998","0,044233068246790186","161,24","160,1125","0,024080973472553113","308,35","307,965","0,009870308734075461","203,93","203,4975","0,0008483954260420923","199,24","196,66500000000002","0,020668716671207843","161,31","159,1125","0,01864596670934704","156,79","156,6725","0,0051807654059603525",False,"0,01953199081455445","0,02326769096793165","0,020494027550825973","0,014753185200450405","0,034999835714481065","0,0411240696368793","0,018980414502066847","0,0365941094273625","0,00959507856168857","0,028215051168761836","0,0006775573045981233","0,0269501792627832","0,014851525658215587","0,02085081663906336","0,01569489385417716","0,01400065998298775","0,044554253905430746","0,029327256880751516","0,025213800856757156","0,02726867176741842","0,00919712966110706",1T2018,2018-01-01,"2,0240189703970124","1,9531990814554452","3,0174487252372373","2,3267690967931647","-0,48662671079701125","2,0494027550825975","-0,04392485471009788","1,4753185200450405","6,207395166287943","3,4999835714481065","6,241507484643272","4,1124069636879295","1,868941810411573","1,8980414502066847","7,038276004169375","3,65941094273625","0,6266497028161178","0,959507856168857","3,1231283553484257","2,8215051168761835","3,2490974729241895","0,06775573045981233","1,0398513675053733","2,69501792627832","-7,5822267250425295","1,4851525658215587","1,7253267997828559","2,085081663906336","4,423306824679019","1,569489385417716","2,4080973472553113","1,400065998298775","0,9870308734075461","4,455425390543074","0,08483954260420923","2,9327256880751515","2,0668716671207843","2,5213800856757156","1,864596670934704","2,726867176741842","0,5180765405960353","0,919712966110706"
2018Q2,"167,84","167,2475","0,02037734697924143","178,79","177,675","0,03161470127155552","142,1","140,45749999999998","0,02551793374098743","148,94","148,3325","0,004979759142262008","298,84","306,685","0,04916827025871284","242,07","240,13750000000002","0,07946372381551736","165,65","164,9875","0,018913077041840642","224,08","221,09","0,034254505479083486","131,97","132,5925","0,01136515321980891","238,3","236,765","0,011265229415596156","116,32","117,04","0,03662371019883981","178,17","176,38","0,015472746376498758","125,64","126,80499999999998","-0,054558332867341575","175,64","174,2475","0,02179968334017479","151,58","151,56","0,045277423359426194","159,88","160,35","0,025485242861253976","314,72","309,975","0,01531280707500815","206,23","204,26500000000001","0,008317701648731468","201,16","198,25","0,02620511161436423","162,96","160,37","0,025170600738337656","156,39","156,6875","0,0052286323758199416",False,"0,01940450974801721","0,023229887172466924","0,020450552677939132","0,014603387189184865","0,03439084159002983","0,041111846468711966","0,018848394065249692","0,03660592099909039","0,00945873648759802","0,027934067470702945","0,0004490585709664187","0,0269778522111002","0,014782202136535246","0,020705307460091894","0,015586384402084832","0,013838349319625824","0,04418823972090828","0,029194251337874115","0,025031459940299133","0,02733267715747029","0,00893839529689719",2T2018,2018-04-01,"2,037734697924143","1,9404509748017211","3,1614701271555523","2,3229887172466923","2,551793374098743","2,0450552677939133","0,4979759142262008","1,4603387189184864","4,916827025871284","3,439084159002983","7,946372381551736","4,111184646871196","1,8913077041840642","1,8848394065249692","3,4254505479083486","3,6605920999090387","1,136515321980891","0,945873648759802","1,1265229415596156","2,7934067470702946","3,662371019883981","0,04490585709664187","1,5472746376498758","2,69778522111002","-5,4558332867341575","1,4782202136535245","2,179968334017479","2,0705307460091893","4,527742335942619","1,5586384402084832","2,5485242861253976","1,3838349319625824","1,531280707500815","4,418823972090828","0,8317701648731468","2,9194251337874113","2,620511161436423","2,5031459940299134","2,5170600738337656","2,733267715747029","0,5228632375819942","0,8938395296897189"
2018Q3,"169,44","168,07999999999998","0,020398251578436","179,8","178,5","0,028610943037427727","149,62","143,6","0,05153318077803193","149,56","148,9425","0,01099628366339167","319,49","308,78499999999997","0,03219067038826018","264,24","247,9275","0,09027044854881261","167,22","165,8275","0,019535813095604038","228,73","223,8075","0,020914823980202835","133,01","132,9375","0,015003149516119807","235,08","236,665","0,004168743966989519","118,33","117,58999999999999","0,03346296662492021","178,48","177,46249999999998","0,020984955268532612","124,97","126,38","-0,032923306487096626","176,46","175,1325","0,023343802497991506","152,46","152,18","0,03910824328707285","164,77","161,625","0,02663046067362207","315,09","311,79","0,021994231021371657","205,65","205,1","0,014003732680732073","202,54","199,9175","0,030024730794991905","164,55","161,7825","0,0304125599095586","156,75","156,65749999999997","0,004134284111849906",False,"0,01927702868147997","0,023192083377002203","0,02040707780505229","0,014453589177919326","0,0337818474655786","0,04109962330054463","0,018716373628432537","0,03661773257081828","0,009322394413507467","0,027653083772644055","0,00022055983733471063","0,027005525159417197","0,014712878614854905","0,020559798281120433","0,015477874949992502","0,013676038656263897","0,04382222553638582","0,029061245794996714","0,024849119023841106","0,02739668254752216","0,008679660932687315",3T2018,2018-07-01,"2,0398251578436","1,927702868147997","2,8610943037427727","2,3192083377002204","5,153318077803193","2,040707780505229","1,099628366339167","1,4453589177919326","3,219067038826018","3,37818474655786","9,027044854881261","4,109962330054463","1,9535813095604038","1,8716373628432537","2,0914823980202835","3,661773257081828","1,5003149516119807","0,9322394413507468","0,4168743966989519","2,7653083772644056","3,346296662492021","0,022055983733471063","2,0984955268532612","2,7005525159417196","-3,2923306487096626","1,4712878614854905","2,3343802497991506","2,055979828112043","3,9108243287072852","1,5477874949992503","2,663046067362207","1,3676038656263898","2,1994231021371657","4,382222553638582","1,4003732680732073","2,9061245794996715","3,0024730794991905","2,4849119023841104","3,04125599095586","2,739668254752216","0,41342841118499063","0,8679660932687315"
2018Q4,"169,02","168,5825","0,01676693656609518","180,0","179,24","0,02377518527509248","147,18","145,04","0,051833856083543406","147,6","148,67000000000002","0,007778474469996244","329,98","315,995","0,0358199414883591","248,4","249,425","0,07180456781900602","166,93","166,3825","0,01668168833351147","232,73","227,15750000000003","0,020508327998472575","132,36","132,745","0,007189058973045892","237,26","237,215","0,0036492103954899324","116,07","117,1","0,013896705485085814","185,3","180,35999999999999","0,03650704711003838","125,8","125,545","-0,029903797859598846","176,23","175,765","0,020821233592751565","151,84","152,34","0,026809335243070276","162,91","162,2","0,02028620852335261","316,21","313,59250000000003","0,017769195193392262","204,19","205,0","0,010150783482802739","204,45","201,8475","0,03412103746397688","164,05","163,2175","0,03477406368376834","155,49","156,35500000000002","0,00031988739963551005",False,"0,01914954761494273","0,023154279581537478","0,020363602932165454","0,014303791166653786","0,033172853341127365","0,0410874001323773","0,018584353191615385","0,036629544142546176","0,009186052339416917","0,027372100074585164","-7,938896296993958e-06","0,027033198107734198","0,014643555093174566","0,020414289102148972","0,015369365497900172","0,013513727992901969","0,04345621135186336","0,028928240252119312","0,024666778107383082","0,02746068793757403","0,008420926568477444",4T2018,2018-10-01,"1,676693656609518","1,9149547614942732","2,377518527509248","2,3154279581537476","5,183385608354341","2,0363602932165454","0,7778474469996244","1,4303791166653785","3,5819941488359097","3,3172853341127366","7,1804567819006015","4,10874001323773","1,6681688333511469","1,8584353191615384","2,0508327998472575","3,6629544142546178","0,7189058973045892","0,9186052339416917","0,36492103954899324","2,7372100074585166","1,3896705485085814","-0,0007938896296993958","3,650704711003838","2,70331981077342","-2,9903797859598846","1,4643555093174565","2,0821233592751565","2,041428910214897","2,6809335243070276","1,5369365497900171","2,028620852335261","1,351372799290197","1,7769195193392262","4,345621135186336","1,0150783482802739","2,8928240252119313","3,4121037463976878","2,4666778107383083","3,477406368376834","2,746068793757403","0,031988739963551005","0,8420926568477445"
2019Q1,"169,52","168,955","0,013405710172744723","182,56","180,2875","0,020432709314994746","145,4","146,075","0,05046473581072575","148,21","148,5775","0,004478923706182636","314,83","315,78499999999997","0,023647444001426265","239,65","248,59000000000003","0,05104273468136622","167,03","166,70749999999998","0,013588897840064451","222,67","227,0525","0,028398989956178733","131,09","132,10750000000002","-0,0027929271008282353","213,5","231,035","-0,024129082672467494","116,29","116,7525","0,0017804281607962658","186,71","182,16500000000002","0,03864300477514093","123,99","125,1","-0,020417751502456727","177,6","176,4825","0,018114426640898795","152,93","152,2025","0,010137713622034195","162,93","162,6225","0,015676477476774142","323,92","317,485","0,030912603704966513","206,65","205,68","0,010724947480927227","205,35","203,375","0,03411893321129833","166,61","164,54250000000002","0,03412679707753963","156,36","156,2475","-0,0027126649539646053",False,"0,019022066548405492","0,023116475786072756","0,020320128059278613","0,014153993155388248","0,032563859216676136","0,04107517696420996","0,01845233275479823","0,03664135571427407","0,009049710265326366","0,027091116376526274","-0,00023643762992870201","0,0270608710560512","0,014574231571494225","0,020268779923177507","0,015260856045807843","0,013351417329540042","0,043090197167340895","0,02879523470924191","0,02448443719092506","0,0275246933276259","0,008162192204267574",1T2019,2019-01-01,"1,3405710172744723","1,9022066548405492","2,0432709314994746","2,3116475786072757","5,046473581072575","2,0320128059278613","0,4478923706182636","1,4153993155388247","2,3647444001426265","3,2563859216676136","5,104273468136622","4,107517696420996","1,3588897840064451","1,8452332754798229","2,8398989956178733","3,664135571427407","-0,2792927100828235","0,9049710265326366","-2,4129082672467494","2,709111637652627","0,17804281607962658","-0,0236437629928702","3,8643004775140932","2,70608710560512","-2,0417751502456727","1,4574231571494225","1,8114426640898795","2,026877992317751","1,0137713622034195","1,5260856045807842","1,5676477476774142","1,3351417329540043","3,0912603704966513","4,309019716734089","1,0724947480927227","2,879523470924191","3,411893321129833","2,4484437190925057","3,412679707753963","2,75246933276259","-0,2712664953964605","0,8162192204267573"
2019Q2,"170,5","169,62","0,014185563311858163","183,28","181,41","0,02102152807091584","152,83","148,7575","0,05909260808429595","148,14","148,3775","0,00030337249085654605","300,76","316,265","0,03123726298971241","255,13","251,85500000000002","0,04879496122013438","167,67","167,2125","0,013485870141677347","225,88","227,5025","0,029004025509973275","132,14","132,14999999999998","-0,0033372928333051943","199,44","221,32","-0,06523345933731761","117,86","117,1375","0,00083304853041688","185,17","183,915","0,042720263068375175","129,17","125,9825","-0,006486337289538846","178,16","177,11249999999998","0,016442129729264288","154,58","152,95250000000001","0,009187780416996638","162,38","163,2475","0,018069847209229772","326,61","320,4575","0,03381724332607461","205,01","205,375","0,005434117445475062","207,49","204,95749999999998","0,03383354350567447","167,34","165,6375","0,032845918812745456","155,93","156,1325","-0,0035420821699242433",False,"0,018894585481868252","0,02307867199060803","0,020276653186391772","0,014004195144122707","0,0319548650922249","0,04106295379604263","0,018320312317981077","0,03665316728600196","0,008913368191235813","0,026810132678467383","-0,0004649363635604066","0,027088544004368196","0,014504908049813886","0,020123270744206046","0,015152346593715513","0,013189106666178115","0,04272418298281844","0,028662229166364513","0,024302096274467035","0,027588698717677773","0,0079034578400577",2T2019,2019-04-01,"1,4185563311858163","1,8894585481868251","2,102152807091584","2,3078671990608033","5,909260808429595","2,027665318639177","0,030337249085654605","1,4004195144122706","3,123726298971241","3,1954865092224902","4,879496122013438","4,106295379604263","1,3485870141677347","1,8320312317981078","2,9004025509973275","3,665316728600196","-0,33372928333051943","0,8913368191235813","-6,523345933731761","2,681013267846738","0,083304853041688","-0,04649363635604066","4,2720263068375175","2,70885440043682","-0,6486337289538846","1,4504908049813885","1,6442129729264288","2,0123270744206048","0,9187780416996638","1,5152346593715513","1,8069847209229772","1,3189106666178114","3,381724332607461","4,272418298281844","0,5434117445475062","2,8662229166364512","3,383354350567447","2,4302096274467035","3,2845918812745456","2,7588698717677773","-0,35420821699242433","0,7903457840057699"
2019Q3,"170,53","169,8925","0,010783555449785931","184,33","182,54250000000002","0,022647058823529465","157,07","150,62","0,04888579387186631","147,76","147,92749999999998","-0,006814710374809185","302,95","312,13","0,010832780089706562","265,99","252,29250000000002","0,017605953353298842","167,89","167,38","0,00936213836667621","230,9","228,045","0,018933681847123074","131,98","131,89249999999998","-0,007860836859426512","221,1","217,825","-0,07960619440981975","116,11","116,58250000000001","-0,008567905434135326","183,3","185,12","0,043149961259421055","130,45","127,35249999999999","0,007695046684601969","178,55","177,63500000000002","0,014289181048634747","155,74","153,7725","0,010464581416743446","162,95","162,79250000000002","0,0072235112142304825","329,3","324,01","0,03919304660187928","207,63","205,87","0,003754266211604129","207,52","206,20250000000001","0,031437968161866836","167,4","166,35000000000002","0,02823234898706617","155,06","155,71","-0,006048226226002318",False,"0,018767104415331012","0,02304086819514331","0,020233178313504935","0,013854397132857169","0,031345870967773665","0,041050730627875294","0,018188291881163922","0,03666497885772985","0,008777026117145263","0,026529148980408493","-0,0006934350971921112","0,027116216952685197","0,014435584528133545","0,019977761565234585","0,015043837141623183","0,013026796002816187","0,04235816879829597","0,028529223623487112","0,02411975535800901","0,027652704107729645","0,007644723475847829",3T2019,2019-07-01,"1,078355544978593","1,8767104415331013","2,2647058823529465","2,304086819514331","4,888579387186631","2,0233178313504934","-0,6814710374809185","1,3854397132857168","1,0832780089706562","3,1345870967773664","1,7605953353298842","4,10507306278753","0,9362138366676209","1,8188291881163923","1,8933681847123074","3,6664978857729853","-0,7860836859426512","0,8777026117145262","-7,960619440981976","2,6529148980408492","-0,8567905434135326","-0,06934350971921112","4,3149961259421055","2,7116216952685197","0,7695046684601969","1,4435584528133545","1,4289181048634747","1,9977761565234584","1,0464581416743446","1,5043837141623182","0,7223511214230482","1,3026796002816188","3,919304660187928","4,235816879829597","0,3754266211604129","2,852922362348711","3,1437968161866836","2,411975535800901","2,823234898706617","2,7652704107729646","-0,6048226226002318","0,7644723475847829"
2019Q4,"172,03","170,645","0,012234365963252447","185,38","183,88750000000002","0,025928922115599162","148,3","150,9","0,04040264754550482","147,67","147,945","-0,004876572274164381","313,07","307,9025","-0,025609582430101807","250,08","252,7125","0,013180314723864939","169,49","168,02","0,009841780235301245","233,24","228,1725","0,004468265410562999","132,25","131,86499999999998","-0,00662925157256411","227,28","215,32999999999998","-0,09225807811479048","116,2","116,61500000000001","-0,004141759180187776","184,73","184,9775","0,02560157462852075","128,12","127,93249999999999","0,019017085507188503","179,29","178,4","0,014991608113105626","155,8","154,76250000000002","0,015901929893658906","160,93","162,2975","0,0006011097410605348","330,36","327,5475","0,04450042650892483","209,37","207,165","0,010560975609755996","206,58","206,735","0,02421382479347045","169,53","167,72","0,027585889993413604","155,45","155,7","-0,004189184867769091",False,"0,018639623348793773","0,023003064399678586","0,020189703440618094","0,013704599121591629","0,030736876843322436","0,041038507459707954","0,018056271444346766","0,03667679042945775","0,008640684043054712","0,026248165282349602","-0,0009219338308238192","0,027143889901002194","0,014366261006453204","0,019832252386263124","0,014935327689530853","0,01286448533945426","0,04199215461377351","0,028396218080609714","0,023937414441550984","0,027716709497781516","0,007385989111637958",4T2019,2019-10-01,"1,2234365963252447","1,8639623348793772","2,5928922115599162","2,3003064399678586","4,040264754550482","2,018970344061809","-0,48765722741643813","1,370459912159163","-2,5609582430101807","3,073687684332244","1,3180314723864939","4,103850745970796","0,9841780235301245","1,8056271444346765","0,44682654105629993","3,6676790429457746","-0,662925157256411","0,8640684043054712","-9,225807811479047","2,6248165282349603","-0,4141759180187776","-0,09219338308238192","2,560157462852075","2,714388990100219","1,9017085507188503","1,4366261006453205","1,4991608113105626","1,9832252386263123","1,5901929893658906","1,4935327689530853","0,06011097410605348","1,286448533945426","4,450042650892483","4,199215461377351","1,0560975609755996","2,839621808060971","2,421382479347045","2,3937414441550984","2,7585889993413604","2,7716709497781515","-0,4189184867769091","0,7385989111637958"
2020Q1,"168,09","170,2875","0,007886715397591004","183,45","184,10999999999999","0,021202246411980763","155,54","153,435","0,05038507615950727","148,28","147,96249999999998","-0,004139253924719477","301,78","304,64","-0,03529299998416635","248,91","255,02750000000003","0,025896053743111214","165,51","167,64","0,005593629560757707","236,83","231,7125","0,02052388764713009","129,74","131,5275","-0,004390363908180928","221,02","217,21","-0,05983941826995909","113,79","115,99000000000001","-0,0065309094023681125","179,63","183,20749999999998","0,005722833694727036","125,52","128,315","0,02569944044764183","178,36","178,59","0,011941693935659359","155,16","155,32","0,020482580772326342","155,68","160,485","-0,0131439376470045","336,84","330,77750000000003","0,041868119753689204","207,71","207,43","0,008508362504861866","208,88","207,6175","0,020860479409956945","165,28","167,3875","0,01729036571098641","153,98","155,105","-0,00731211699387202",True,"0,018512142282256533","0,022965260604213864","0,020146228567731253","0,01355480111032609","0,0301278827188712","0,04102628429154062","0,017924251007529615","0,036688602001185636","0,008504341968964161","0,025967181584290712","-0,0011504325644555238","0,027171562849319195","0,014296937484772863","0,019686743207291663","0,014826818237438522","0,012702174676092333","0,04162614042925104","0,028263212537732313","0,02375507352509296","0,027780714887833388","0,007127254747428088",1T2020,2020-01-01,"0,7886715397591004","1,8512142282256532","2,1202246411980763","2,2965260604213866","5,038507615950727","2,0146228567731255","-0,4139253924719477","1,3554801110326091","-3,529299998416635","3,01278827188712","2,5896053743111214","4,102628429154062","0,5593629560757707","1,7924251007529615","2,052388764713009","3,6688602001185635","-0,43903639081809276","0,8504341968964161","-5,983941826995909","2,5967181584290713","-0,6530909402368112","-0,11504325644555238","0,5722833694727036","2,7171562849319195","2,569944044764183","1,4296937484772863","1,1941693935659359","1,9686743207291664","2,048258077232634","1,4826818237438522","-1,31439376470045","1,2702174676092333","4,18681197536892","4,162614042925104","0,8508362504861866","2,8263212537732314","2,0860479409956945","2,3755073525092962","1,729036571098641","2,778071488783339","-0,731211699387202","0,7127254747428088"
2020Q2,"153,17","165,95499999999998","-0,021607121801674456","162,8","178,99","-0,013339948183672234","130,7","147,90249999999997","-0,005747609364233908","136,32","145,0075","-0,022712338461020054","300,75","304,6375","-0,03676505462191515","218,19","245,7925","-0,02407139028409211","151,4","163,5725","-0,02176870748299331","238,24","234,8025","0,03208755947736841","114,73","127,175","-0,03764661369655675","211,84","220,31","-0,004563527923368782","92,61","109,6775","-0,06368583929143112","182,66","182,57999999999998","-0,0072587880270778005","116,89","125,245","-0,0058539876570158356","160,99","174,2975","-0,015893852777189466","135,07","150,4425","-0,016410323466435783","124,85","151,1025","-0,07439623883979851","322,23","329,6825","0,02878696863078578","215,96","210,1675","0,023335362142422378","209,4","208,09500000000003","0,015308051669248757","136,64","159,7125","-0,03577088521620997","142,03","151,63","-0,028837685939826718",True,"0,018384661215719293","0,022927456808749143","0,020102753694844416","0,01340500309906055","0,02951888859441997","0,04101406112337329","0,017792230570712463","0,03670041357291353","0,008367999894873608","0,02568619788623182","-0,0013789312980872319","0,027199235797636195","0,014227613963092524","0,019541234028320198","0,014718308785346192","0,012539864012730405","0,041260126244728586","0,02813020699485491","0,023572732608634937","0,02784472027788526","0,006868520383218214",2T2020,2020-04-01,"-2,1607121801674456","1,8384661215719293","-1,3339948183672234","2,2927456808749143","-0,5747609364233908","2,0102753694844417","-2,2712338461020054","1,340500309906055","-3,676505462191515","2,951888859441997","-2,407139028409211","4,101406112337329","-2,176870748299331","1,7792230570712462","3,208755947736841","3,670041357291353","-3,764661369655675","0,8367999894873609","-0,4563527923368782","2,5686197886231823","-6,368583929143112","-0,1378931298087232","-0,72587880270778","2,7199235797636194","-0,5853987657015836","1,4227613963092525","-1,5893852777189466","1,9541234028320198","-1,6410323466435783","1,4718308785346192","-7,439623883979851","1,2539864012730404","2,878696863078578","4,1260126244728585","2,333536214242238","2,813020699485491","1,5308051669248757","2,3572732608634936","-3,577088521620997","2,784472027788526","-2,883768593982672","0,6868520383218214"
2020Q3,"165,3","164,6475","-0,030872463469546974","174,69","176,57999999999998","-0,03266362627881192","143,48","144,505","-0,04059885805337937","141,04","143,3275","-0,031096314072772135","298,17","303,4425","-0,02783295421779386","201,13","229,57750000000001","-0,09003438469237102","163,02","162,35500000000002","-0,03002150794599101","234,82","235,7825","0,03392970685610308","131,98","127,17500000000001","-0,035767765415015806","223,43","220,8925","0,014082405600826409","115,62","109,555","-0,06027920142388443","190,28","184,32500000000002","-0,004294511668107126","127,58","124,5275","-0,022182524881725785","171,08","172,43","-0,02930165789399619","156,58","150,6525","-0,020289713700434087","137,95","144,8525","-0,11020163705330421","331,2","330,1575","0,018973179840128473","217,27","212,5775","0,03258124058872092","210,79","208,9125","0,013142420678701638","148,86","155,07750000000001","-0,06776375112714161","146,58","149,51","-0,03981760965898151",False,"0,018257180149182053","0,022889653013284418","0,020059278821957575","0,013255205087795012","0,028909894469968736","0,04100183795520595","0,017660210133895307","0,036712225144641425","0,008231657820783058","0,02540521418817293","-0,0016074300317189365","0,027226908745953193","0,014158290441412183","0,019395724849348737","0,014609799333253863","0,012377553349368478","0,04089411206020612","0,02799720145197751","0,023390391692176913","0,02790872566793713","0,006609786019008343",3T2020,2020-07-01,"-3,0872463469546974","1,8257180149182053","-3,266362627881192","2,288965301328442","-4,059885805337937","2,0059278821957576","-3,1096314072772135","1,3255205087795012","-2,783295421779386","2,8909894469968735","-9,003438469237102","4,100183795520595","-3,002150794599101","1,7660210133895307","3,392970685610308","3,6712225144641426","-3,5767765415015806","0,8231657820783058","1,4082405600826409","2,540521418817293","-6,027920142388443","-0,16074300317189366","-0,4294511668107126","2,7226908745953193","-2,2182524881725785","1,4158290441412182","-2,930165789399619","1,9395724849348737","-2,0289713700434087","1,4609799333253863","-11,020163705330422","1,2377553349368478","1,8973179840128473","4,089411206020612","3,2581240588720917","2,799720145197751","1,3142420678701638","2,3390391692176915","-6,776375112714161","2,790872566793713","-3,981760965898151","0,6609786019008344"
2020Q4,"171,65","164,5525","-0,03570277476632777","180,91","175,46249999999998","-0,04581605601250782","163,52","148,31","-0,017163684559310832","144,28","142,48","-0,03693940315657851","296,48","299,295","-0,027955278050681542","243,87","228,025","-0,09769006281842019","168,85","162,195","-0,034668491846208904","236,68","236,6425","0,037121037811304936","135,36","127,95250000000001","-0,029670496340954533","213,37","217,415","0,00968281242743707","122,71","111,1825","-0,046584916177164204","180,15","183,18","-0,009717398061926397","131,01","125,25","-0,02096808864049393","176,53","171,74","-0,037331838565022424","161,04","151,9625","-0,018092238106776626","147,35","141,45749999999998","-0,12840616768588564","346,58","334,2125","0,020348193773422008","214,88","213,95499999999998","0,03277580672410885","212,29","210,33999999999997","0,017437782668633606","158,15","152,23250000000002","-0,09234140233722865","150,26","148,2125","-0,04808927424534348",False,"0,018129699082644814","0,022851849217819697","0,020015803949070734","0,013105407076529471","0,028300900345517507","0,040989614787038615","0,01752818969707815","0,03672403671636932","0,008095315746692507","0,02512423049011404","-0,0018359287653506445","0,027254581694270193","0,014088966919731844","0,019250215670377276","0,014501289881161533","0,012215242686006551","0,04052809787568366","0,027864195909100112","0,023208050775718886","0,027972731057989","0,006351051654798472",4T2020,2020-10-01,"-3,570277476632777","1,8129699082644815","-4,581605601250782","2,2851849217819695","-1,7163684559310832","2,0015803949070734","-3,693940315657851","1,3105407076529472","-2,7955278050681542","2,8300900345517506","-9,76900628184202","4,0989614787038615","-3,4668491846208904","1,7528189697078151","3,7121037811304936","3,672403671636932","-2,9670496340954533","0,8095315746692507","0,9682812427437071","2,512423049011404","-4,65849161771642","-0,18359287653506445","-0,9717398061926397","2,7254581694270192","-2,096808864049393","1,4088966919731845","-3,7331838565022424","1,9250215670377275","-1,8092238106776626","1,4501289881161532","-12,840616768588564","1,221524268600655","2,0348193773422008","4,052809787568366","3,2775806724108847","2,786419590910011","1,7437782668633606","2,3208050775718885","-9,234140233722865","2,7972731057989","-4,808927424534348","0,6351051654798472"
2021Q1,"173,15","165,8175","-0,02624972473023568","180,92","174,83","-0,050404649394383605","173,67","152,8425","-0,003861570045947782","145,57","141,8025","-0,04163217031342381","308,61","301,00250000000005","-0,011940323004201447","275,41","234,65000000000003","-0,07990314769975781","170,15","163,35500000000002","-0,02556072536387477","245,4","238,785","0,03052273830716934","138,16","130,0575","-0,01117636996065463","218,39","216,7575","-0,002083237420008377","121,99","113,2325","-0,023773601172514924","187,02","185,0275","0,009934091126182265","137,64","128,28","-0,0002727662393328112","177,68","171,57","-0,03930791197715444","161,53","153,555","-0,011363636363636243","150,54","140,17249999999999","-0,12656946132037283","362,1","340,52750000000003","0,029476007285864414","213,62","215,4325","0,03857927975702635","213,38","211,465","0,01853167483473217","159,95","150,9","-0,0984989918602045","150,37","147,31","-0,050256278005222144",False,"0,018002218016107574","0,022814045422354972","0,019972329076183896","0,012955609065263933","0,02769190622106627","0,04097739161887128","0,017396169260260996","0,03673584828809721","0,007958973672601954","0,02484324679205515","-0,002064427498982349","0,02728225464258719","0,014019643398051503","0,01910470649140581","0,014392780429069203","0,012052932022644623","0,04016208369116119","0,02773119036622271","0,023025709859260862","0,02803673644804087","0,006092317290588598",1T2021,2021-01-01,"-2,624972473023568","1,8002218016107574","-5,04046493943836","2,281404542235497","-0,3861570045947782","1,9972329076183897","-4,163217031342381","1,2955609065263933","-1,1940323004201447","2,769190622106627","-7,9903147699757815","4,097739161887128","-2,556072536387477","1,7396169260260996","3,052273830716934","3,673584828809721","-1,117636996065463","0,7958973672601954","-0,2083237420008377","2,484324679205515","-2,3773601172514924","-0,2064427498982349","0,9934091126182265","2,728225464258719","-0,02727662393328112","1,4019643398051502","-3,930791197715444","1,9104706491405812","-1,1363636363636243","1,4392780429069203","-12,656946132037284","1,2052932022644622","2,9476007285864414","4,016208369116119","3,8579279757026352","2,7731190366222713","1,853167483473217","2,3025709859260863","-9,84989918602045","2,8036736448040873","-5,025627800522214","0,6092317290588598"
2021Q2,"171,94","170,51","0,027447199542044665","178,42","178,73499999999999","-0,00142466059556412","165,31","161,495","0,09190175960514546","147,45","144,58499999999998","-0,0029136423978071146","338,03","310,3225","0,018661523942390623","264,83","246,31","0,0021054344619955145","169,05","167,7675","0,025646120221920032","232,56","237,365","0,010913427242043916","135,19","135,1725","0,06288578730096339","227,39","220,645","0,0015205846307475568","117,23","119,3875","0,0885322878439061","185,31","185,69000000000003","0,017033629094096003","138,89","133,78","0,06814643299133705","178,5","175,9475","0,00946657295715636","158,37","159,38","0,05940807949881188","149,21","146,2625","-0,03203123707417155","379,03","354,72749999999996","0,07596702888385032","212,34","214,5275","0,020745357869318637","213,94","212,6","0,021648766188519408","162,34","157,32500000000002","-0,014948736010017893","151,32","149,6325","-0,013173514476027215",False,"0,017874736949570334","0,02277624162689025","0,019928854203297056","0,012805811053998393","0,027082912096615043","0,04096516845070394","0,017264148823443844","0,0367476598598251","0,007822631598511404","0,02456226309399626","-0,0022929262326140537","0,02730992759090419","0,013950319876371162","0,018959197312434353","0,014284270976976873","0,011890621359282696","0,039796069506638734","0,027598184823345313","0,02284336894280284","0,028100741838092743","0,0058335829263787276",2T2021,2021-04-01,"2,7447199542044665","1,7874736949570333","-0,142466059556412","2,2776241626890252","9,190175960514546","1,9928854203297055","-0,29136423978071146","1,2805811053998393","1,8661523942390623","2,708291209661504","0,21054344619955145","4,096516845070394","2,5646120221920032","1,7264148823443843","1,0913427242043916","3,67476598598251","6,288578730096339","0,7822631598511404","0,15205846307475568","2,456226309399626","8,853228784390609","-0,22929262326140537","1,7033629094096003","2,730992759090419","6,814643299133705","1,3950319876371162","0,9466572957156361","1,8959197312434353","5,940807949881188","1,4284270976976872","-3,203123707417155","1,1890621359282696","7,596702888385032","3,9796069506638734","2,0745357869318637","2,7598184823345315","2,164876618851941","2,2843368942802837","-1,4948736010017893","2,810074183809274","-1,3173514476027215","0,5833582926378728"
2021Q3,"172,2","172,235","0,046083299169437764","181,08","180,3325","0,021250991052214507","165,16","166,915","0,15508113906093213","149,4","146,675","0,023355601681464","305,78","312,225","0,02894288044687232","248,07","258,045","0,12399952085896926","169,34","169,34750000000003","0,043069200209417735","218,85","233,3725","-0,010221284446470746","133,86","135,6425","0,06658148220955384","231,0","222,5375","0,007447061353373252","113,25","118,795","0,08434119848477928","186,43","184,7275","0,002183643021836268","144,2","137,935","0,10766698118889395","180,64","178,33749999999998","0,03426027953372368","158,7","159,91","0,06144936194221806","150,0","149,275","0,030531057454997512","384,95","368,16499999999996","0,11511929912238839","210,1","212,73499999999999","0,0007409062577177217","213,74","213,3375","0,02118111649614085","169,87","162,57750000000001","0,04836291531653525","152,98","151,2325","0,0115209684970905",False,"0,017747255883033095","0,022738437831425526","0,019885379330410215","0,012656013042732854","0,026473917972163807","0,04095294528253661","0,017132128386626692","0,036759471431553","0,007686289524420853","0,02428127939593737","-0,0025214249662457618","0,027337600539221192","0,013880996354690821","0,01881368813346289","0,014175761524884542","0,01172831069592077","0,03943005532211627","0,027465179280467912","0,022661028026344815","0,028164747228144615","0,005574848562168857",3T2021,2021-07-01,"4,608329916943776","1,7747255883033095","2,1250991052214507","2,2738437831425524","15,508113906093213","1,9885379330410216","2,3355601681464","1,2656013042732854","2,894288044687232","2,6473917972163807","12,399952085896926","4,095294528253661","4,3069200209417735","1,7132128386626693","-1,0221284446470746","3,6759471431552995","6,658148220955384","0,7686289524420853","0,7447061353373252","2,428127939593737","8,434119848477927","-0,25214249662457616","0,2183643021836268","2,7337600539221194","10,766698118889394","1,3880996354690822","3,426027953372368","1,881368813346289","6,144936194221806","1,4175761524884543","3,0531057454997512","1,172831069592077","11,511929912238838","3,943005532211627","0,07409062577177217","2,7465179280467913","2,118111649614085","2,2661028026344816","4,836291531653525","2,8164747228144615","1,15209684970905","0,5574848562168857"
2021Q4,"174,49","172,945","0,05100195986083467","182,48","180,72500000000002","0,02999216356771406","166,27","167,6025","0,13008226013080693","151,29","148,4275","0,04174270072992714","304,36","314,195","0,049783658263585995","254,39","260,675","0,14318605416072794","171,77","170,07750000000001","0,04859890872098416","253,66","237,6175","0,004120139028281011","130,42","134,4075","0,050448408589124805","223,95","225,1825","0,03572660579996789","109,04","115,37750000000001","0,03773075798799286","185,36","186,03","0,015558467081559169","143,61","141,08499999999998","0,1264271457085826","183,13","179,9875","0,04802317456620475","159,34","159,485","0,04950234432837064","153,56","150,8275","0,06623897637099496","396,94","380,755","0,13926020121928429","213,5","212,39","-0,0073146222336472055","215,88","214,235","0,018517638109727397","171,2","165,84","0,08938630055999863","155,58","152,5625","0,029349751201821705",False,"0,01761977481649585","0,022700634035960805","0,019841904457523374","0,012506215031467316","0,02586492384771258","0,04094072211436928","0,017000107949809537","0,036771283003280884","0,007549947450330302","0,02400029569787848","-0,0027499236998774663","0,02736527348753819","0,013811672833010482","0,018668178954491427","0,014067252072792212","0,011566000032558841","0,039064041137593805","0,02733217373759051","0,02247868710988679","0,028228752618196486","0,005316114197958986",4T2021,2021-10-01,"5,100195986083467","1,7619774816495852","2,999216356771406","2,2700634035960805","13,008226013080693","1,9841904457523374","4,174270072992714","1,2506215031467316","4,9783658263585995","2,5864923847712578","14,318605416072794","4,094072211436927","4,859890872098416","1,7000107949809538","0,41201390282810113","3,6771283003280884","5,0448408589124805","0,7549947450330302","3,572660579996789","2,400029569787848","3,773075798799286","-0,2749923699877466","1,5558467081559169","2,736527348753819","12,64271457085826","1,3811672833010482","4,802317456620475","1,8668178954491428","4,950234432837064","1,4067252072792211","6,623897637099496","1,156600003255884","13,926020121928428","3,9064041137593803","-0,7314622233647206","2,733217373759051","1,8517638109727397","2,247868710988679","8,938630055999862","2,8228752618196484","2,9349751201821705","0,5316114197958987"
2022Q1,"175,7","173,58249999999998","0,046828591674581865","184,21","181,54749999999999","0,03842303952410897","163,14","164,97","0,07934638598557342","151,45","149,89749999999998","0,057086440648084213","333,84","320,5025","0,06478351508708369","248,27","253,89","0,08199445983379472","172,98","170,78500000000003","0,045483762358054625","229,39","233,615","-0,021651276252695917","134,71","133,54500000000002","0,02681506256847932","217,18","224,88","0,03747275180789589","114,62","113,53500000000001","0,002671494491422566","198,3","188,85000000000002","0,0206590912161706","147,79","143,6225","0,11960165263486133","184,6","181,71749999999997","0,059144955411785105","159,21","158,905","0,03484093647227371","159,16","152,98250000000002","0,09138739767072734","384,53","386,3625","0,1345999955950694","209,5","211,36","-0,018903832987130498","214,92","214,62","0,014919726668715771","177,99","170,35","0,12889330682571232","156,12","154,0","0,04541443214988794",False,"0,01749229374995861","0,02266283024049608","0,019798429584636536","0,012356417020201776","0,025255929723261343","0,04092849894620194","0,01686808751299238","0,03678309457500878","0,00741360537623975","0,023719311999819588","-0,0029784224335091744","0,02739294643585519","0,013742349311330141","0,018522669775519966","0,013958742620699882","0,011403689369196914","0,03869802695307135","0,02719916819471311","0,022296346193428764","0,028292758008248355","0,005057379833749112",1T2022,2022-01-01,"4,6828591674581865","1,7492293749958612","3,842303952410897","2,266283024049608","7,934638598557342","1,9798429584636537","5,708644064808421","1,2356417020201775","6,478351508708369","2,5255929723261343","8,199445983379473","4,092849894620194","4,5483762358054625","1,6868087512992382","-2,1651276252695917","3,6783094575008777","2,681506256847932","0,7413605376239749","3,7472751807895888","2,371931199981959","0,2671494491422566","-0,29784224335091747","2,06590912161706","2,739294643585519","11,960165263486132","1,3742349311330142","5,9144955411785105","1,8522669775519967","3,484093647227371","1,3958742620699882","9,138739767072735","1,1403689369196914","13,45999955950694","3,869802695307135","-1,8903832987130498","2,719916819471311","1,4919726668715771","2,2296346193428764","12,88933068257123","2,8292758008248353","4,541443214988794","0,5057379833749112"
2022Q2,"177,71","175,02499999999998","0,026479385373291864","187,96","183,9325","0,029079363303214256","168,48","165,7625","0,02642496671723582","150,13","150,5675","0,04137704464501857","322,3","316,57","0,020132281739158486","262,13","253,215","0,028033778571718626","174,82","172,2275","0,02658440997213396","227,66","232,39000000000001","-0,020959282118256706","136,98","133,9925","-0,008729586269396572","219,52","222,9125","0,0102766887987491","115,59","113,125","-0,05245524028897497","206,97","194,265","0,04617911573051847","150,75","146,5875","0,0957355359545522","186,89","183,81499999999997","0,044715042839483354","161,56","159,70250000000001","0,00202346593048075","162,15","156,2175","0,06806255875566203","394,95","390,34250000000003","0,10040101204445695","209,11","210,5525","-0,018529093006724007","216,98","215,38","0,01307619943555971","184,07","175,7825","0,11732083267122184","153,76","154,61","0,033264832172155145",False,"0,017364812683421372","0,02262502644503136","0,019754954711749696","0,012206619008936237","0,024646935598810107","0,040916275778034604","0,016736067076175226","0,036794906146736674","0,007277263302149199","0,023438328301760698","-0,003206921167140879","0,027420619384172187","0,013673025789649802","0,0183771605965485","0,013850233168607553","0,011241378705834987","0,03833201276854888","0,027066162651835708","0,02211400527697074","0,028356763398300226","0,0047986454695392415",2T2022,2022-04-01,"2,6479385373291864","1,7364812683421371","2,9079363303214256","2,2625026445031358","2,642496671723582","1,9754954711749695","4,137704464501857","1,2206619008936237","2,0132281739158486","2,464693559881011","2,8033778571718626","4,09162757780346","2,658440997213396","1,6736067076175227","-2,0959282118256706","3,6794906146736674","-0,8729586269396572","0,7277263302149198","1,02766887987491","2,3438328301760696","-5,245524028897497","-0,3206921167140879","4,617911573051847","2,7420619384172187","9,57355359545522","1,3673025789649802","4,471504283948335","1,83771605965485","0,202346593048075","1,3850233168607553","6,806255875566203","1,1241378705834988","10,040101204445694","3,833201276854888","-1,8529093006724007","2,706616265183571","1,307619943555971","2,211400527697074","11,732083267122185","2,8356763398300227","3,3264832172155145","0,47986454695392416"
2022Q3,"179,58","176,87","0,026910906610154717","189,37","186,005","0,03145578306738939","173,79","167,92","0,0060210286672857105","153,07","151,48499999999999","0,0327935912732229","331,43","322,9825","0,034454319801425326","275,41","260,05","0,007769962603421776","176,91","174,11999999999998","0,028181697397363203","238,61","237,33","0,016957867786478786","137,43","134,885","-0,0055845328713347575","224,24","221,2225","-0,0059091164410493","115,06","113,5775","-0,04392019866155983","207,52","199,53750000000002","0,0801721454574984","153,58","148,9325","0,07972958277449527","189,22","185,95999999999998","0,04274199200953244","161,61","160,43","0,0032518291538992106","164,49","159,84","0,07077541450343316","407,36","395,945","0,07545529857536715","213,23","211,335","-0,006580957529320419","219,11","216,7225","0,01586687760004679","188,28","180,385","0,10953237686641737","155,71","155,29250000000002","0,026846081364786167",False,"0,017237331616884132","0,022587222649566634","0,019711479838862858","0,012056820997670697","0,02403794147435888","0,04090405260986727","0,016604046639358074","0,03680671771846457","0,007140921228058648","0,023157344603701807","-0,003435419900772587","0,027448292332489188","0,013603702267969461","0,018231651417577044","0,013741723716515223","0,01107906804247306","0,03796599858402642","0,02693315710895831","0,021931664360512717","0,028420768788352098","0,004539911105329371",3T2022,2022-07-01,"2,6910906610154717","1,7237331616884133","3,1455783067389387","2,2587222649566634","0,602102866728571","1,9711479838862858","3,27935912732229","1,2056820997670696","3,4454319801425326","2,403794147435888","0,7769962603421776","4,090405260986727","2,8181697397363203","1,6604046639358074","1,6957867786478786","3,6806717718464568","-0,5584532871334758","0,7140921228058648","-0,59091164410493","2,3157344603701806","-4,392019866155983","-0,3435419900772587","8,017214545749841","2,744829233248919","7,972958277449527","1,3603702267969462","4,274199200953244","1,8231651417577044","0,32518291538992106","1,3741723716515224","7,0775414503433165","1,1079068042473061","7,545529857536715","3,796599858402642","-0,6580957529320419","2,693315710895831","1,5866877600046791","2,1931664360512717","10,953237686641737","2,84207687883521","2,6846081364786167","0,45399111053293706"
2022Q4,"180,35","178,335","0,03116597762294382","191,34","188,22","0,0414718494950892","171,8","169,3025","0,010143046792261634","151,76","151,6025","0,021390914756362456","346,38","333,4875","0,061402950397046574","269,73","263,88500000000005","0,012314184329145661","177,51","175,55499999999998","0,03220590613102825","248,67","236,0825","-0,006459961913579559","136,66","136,445","0,01515912430481925","227,55","222,12250000000003","-0,013588977829094073","113,69","114,74","-0,005525340729345074","209,85","205,66000000000003","0,10552061495457732","151,0","150,78","0,06871743984123069","190,03","187,685","0,042766858809639485","161,26","160,91","0,008935009562027751","166,55","163,0875","0,0812849115711658","415,62","400,615","0,052159525153970376","216,24","212,02","-0,0017420782522716838","221,24","218,0625","0,01786589492846624","188,52","184,715","0,1138145200192957","154,97","155,14","0,016894715280622696",False,"0,017109850550346892","0,022549418854101912","0,019668004965976017","0,011907022986405159","0,023428947349907643","0,04089182944169993","0,016472026202540922","0,036818529290192456","0,007004579153968096","0,022876360905642917","-0,0036639186344042916","0,02747596528080619","0,01353437874628912","0,01808614223860558","0,013633214264422893","0,010916757379111134","0,037599984399503954","0,02680015156608091","0,021749323444054693","0,02848477417840397","0,004281176741119497",4T2022,2022-10-01,"3,116597762294382","1,7109850550346892","4,14718494950892","2,254941885410191","1,0143046792261634","1,9668004965976018","2,1390914756362456","1,1907022986405158","6,140295039704657","2,3428947349907645","1,231418432914566","4,089182944169993","3,220590613102825","1,6472026202540921","-0,6459961913579559","3,6818529290192457","1,515912430481925","0,7004579153968096","-1,3588977829094073","2,2876360905642916","-0,5525340729345074","-0,3663918634404292","10,552061495457732","2,747596528080619","6,871743984123069","1,353437874628912","4,2766858809639485","1,808614223860558","0,8935009562027751","1,3633214264422893","8,12849115711658","1,0916757379111135","5,215952515397038","3,759998439950395","-0,17420782522716838","2,680015156608091","1,7865894928466242","2,174932344405469","11,38145200192957","2,848477417840397","1,6894715280622696","0,4281176741119497"
2023Q1,"182,75","180,09750000000003","0,037532585370069205","191,63","190,07500000000002","0,04697117834175657","165,34","169,85250000000002","0,02959629023458832","153,87","152,20749999999998","0,015410530529194943","350,91","337,755","0,05382953331097262","248,9","264,0425","0,03998778998779007","180,13","177,3425","0,038396229177035224","285,98","250,23000000000002","0,07112128930077266","136,85","136,98","0,02572166685386934","236,1","226,85250000000002","0,00877134471718266","113,1","114,36","0,007266481701677874","210,44","208,695","0,10508339952343104","150,34","151,41750000000002","0,05427422583508856","191,13","189,3175","0,04182315957461458","162,03","161,615","0,01705421478241731","167,02","165,0525","0,07889791316000183","408,38","406,5775","0,052321330356853935","222,72","215,325","0,01875946252838756","221,85","219,79500000000002","0,0241123846798994","188,34","187,3025","0,09951570296448486","156,7","155,285","0,008344155844155932",False,"0,016982369483809653","0,02251161505863719","0,019624530093089176","0,011757224975139619","0,022819953225456414","0,0408796062735326","0,016340005765723767","0,03683034086192035","0,006868237079877545","0,022595377207584026","-0,0038924173680359962","0,027503638229123186","0,01346505522460878","0,017940633059634118","0,013524704812330562","0,010754446715749204","0,037233970214981496","0,02666714602320351","0,021566982527596666","0,02854877956845584","0,004022442376909626",1T2023,2023-01-01,"3,7532585370069205","1,6982369483809652","4,697117834175657","2,251161505863719","2,959629023458832","1,9624530093089176","1,5410530529194943","1,175722497513962","5,382953331097262","2,2819953225456415","3,9987789987790068","4,08796062735326","3,8396229177035224","1,6340005765723766","7,112128930077266","3,683034086192035","2,572166685386934","0,6868237079877545","0,8771344717182661","2,2595377207584026","0,7266481701677874","-0,38924173680359964","10,508339952343103","2,7503638229123184","5,427422583508856","1,346505522460878","4,182315957461458","1,794063305963412","1,705421478241731","1,3524704812330564","7,889791316000183","1,0754446715749204","5,2321330356853935","3,7233970214981498","1,875946252838756","2,666714602320351","2,41123846798994","2,1566982527596665","9,951570296448487","2,854877956845584","0,8344155844155932","0,4022442376909626"
2023Q2,"184,2","181,72","0,038251678331667094","193,52","191,465","0,04095252334416166","165,72","169,1625","0,02051127365960337","157,49","154,04749999999999","0,023112557490826413","360,79","347,3775","0,0973165492624064","262,75","264,1975","0,04337223308255833","181,45","179,0","0,03932298848906246","274,45","261,9275","0,12710314557425018","138,15","137,2725","0,02447898203257637","239,43","231,83","0,04000448606516027","113,15","113,75","0,005524861878453136","209,31","209,27999999999997","0,07729132885491463","151,43","151,5875","0,034109320371791485","192,64","190,755","0,03775535184832601","162,44","161,835","0,01335295314725804","169,12","166,79500000000002","0,06771008369740916","412,25","410,9025","0,052671692167775674","225,85","219,51","0,042542833735054186","223,36","221,39","0,027904169375057908","190,11","188,8125","0,07412569510616818","157,82","156,29999999999998","0,010930728930858002",False,"0,016854888417272413","0,022473811263172466","0,019581055220202336","0,01160742696387408","0,02221095910100518","0,040867383105365265","0,01620798532890661","0,036842152433648245","0,006731895005786994","0,022314393509525136","-0,004120916101667704","0,027531311177440187","0,013395731702928439","0,017795123880662657","0,013416195360238232","0,010592136052387277","0,03686795603045903","0,02653414048032611","0,021384641611138643","0,028612784958507713","0,0037637080126997555",2T2023,2023-04-01,"3,8251678331667094","1,6854888417272413","4,095252334416166","2,2473811263172467","2,051127365960337","1,9581055220202335","2,3112557490826413","1,160742696387408","9,73165492624064","2,2210959101005177","4,337223308255833","4,086738310536527","3,932298848906246","1,6207985328906611","12,710314557425018","3,6842152433648243","2,447898203257637","0,6731895005786994","4,000448606516027","2,2314393509525137","0,5524861878453136","-0,41209161016677043","7,729132885491463","2,7531311177440188","3,4109320371791485","1,339573170292844","3,7755351848326013","1,7795123880662658","1,335295314725804","1,3416195360238232","6,771008369740916","1,0592136052387278","5,267169216777567","3,686795603045903","4,254283373505419","2,653414048032611","2,790416937505791","2,1384641611138644","7,412569510616818","2,861278495850771","1,0930728930858002","0,3763708012699756"
2023Q3,"184,45","182,9375","0,034304856674393536","195,3","192,9475","0,03732426547673451","161,83","166,1725","-0,010406741305383327","158,14","155,315","0,025283031323233507","369,21","356,8225","0,10477347843923424","263,63","261,2525","0,004624110747933008","181,86","180,2375","0,03513381575924668","262,6","267,925","0,12891332743437411","138,94","137,65","0,02049894354450088","242,1","236,29500000000002","0,06813276226423626","113,55","113,3725","-0,0018049349563074024","218,75","212,08749999999998","0,06289544571822314","146,96","149,9325","0,006714451177546765","193,33","191,7825","0,03131049688104981","162,5","162,0575","0,010144611356978084","166,9","167,3975","0,047281656656656734","413,08","412,3325","0,041388324135927856","229,48","223,5725","0,05790569475004137","226,0","223,1125","0,029484709709421075","191,24","189,5525","0,05082185325830868","158,1","156,89749999999998","0,010335334932465967",False,"0,016727407350735173","0,022436007467707745","0,019537580347315498","0,01145762895260854","0,02160196497655395","0,04085515993719793","0,016075964892089456","0,03685396400537613","0,0065955529316964415","0,022033409811466245","-0,004349414835299409","0,027558984125757188","0,0133264081812481","0,017649614701691192","0,013307685908145902","0,01042982538902535","0,03650194184593657","0,02640113493744871","0,02120230069468062","0,028676790348559585","0,0035049736484898814",3T2023,2023-07-01,"3,4304856674393536","1,6727407350735173","3,732426547673451","2,2436007467707744","-1,0406741305383327","1,9537580347315497","2,5283031323233507","1,145762895260854","10,477347843923424","2,160196497655395","0,4624110747933008","4,085515993719794","3,513381575924668","1,6075964892089456","12,891332743437411","3,685396400537613","2,049894354450088","0,6595552931696441","6,813276226423626","2,2033409811466247","-0,18049349563074024","-0,4349414835299409","6,289544571822314","2,7558984125757187","0,6714451177546765","1,33264081812481","3,131049688104981","1,7649614701691192","1,0144611356978084","1,33076859081459","4,728165665665673","1,0429825389025351","4,138832413592786","3,6501941845936567","5,790569475004137","2,6401134937448707","2,9484709709421075","2,120230069468062","5,082185325830868","2,8676790348559584","1,0335334932465967","0,35049736484898814"
2023Q4,"185,14","184,135","0,03252306053214449","196,92","194,3425","0,032528424184465","164,63","164,38","-0,029075176090134547","159,86","157,34","0,037845681964347566","371,31","363,055","0,08866149405899759","268,81","261,0225","-0,010847528279364416","182,61","181,51250000000002","0,033935233972259615","256,16","269,7975","0,14281024641809537","140,97","138,72750000000002","0,016728352083257292","253,16","242,6975","0,09262906729394804","113,23","113,25750000000001","-0,012920515949102263","231,92","217,60500000000002","0,05808129923174166","152,72","150,3625","-0,002768934871998918","194,59","192,9225","0,027905799611050552","161,92","162,2225","0,008156733577776354","164,93","166,9925","0,02394420173219891","417,29","412,75","0,030290927698663372","233,67","227,92999999999998","0,07504009055749439","227,3","224,6275","0,030106047578102535","194,2","190,97250000000003","0,03387651246514922","157,87","157,6225","0,016001675905633617",False,"0,016599926284197934","0,02239820367224302","0,019494105474428657","0,011307830941343001","0,02099297085210272","0,04084293676903059","0,015943944455272304","0,03686577557710403","0,006459210857605891","0,021752426113407355","-0,004577913568931117","0,027586657074074185","0,01325708465956776","0,01750410552271973","0,013199176456053572","0,010267514725663424","0,0361359276614141","0,026268129394571307","0,021019959778222595","0,028740795738611456","0,0032462392842800107",4T2023,2023-10-01,"3,2523060532144488","1,6599926284197934","3,2528424184465","2,239820367224302","-2,9075176090134547","1,9494105474428658","3,7845681964347566","1,1307830941343002","8,866149405899758","2,099297085210272","-1,0847528279364416","4,0842936769030596","3,3935233972259615","1,5943944455272303","14,281024641809537","3,686577557710403","1,6728352083257292","0,645921085760589","9,262906729394803","2,1752426113407353","-1,2920515949102263","-0,4577913568931117","5,808129923174166","2,7586657074074186","-0,2768934871998918","1,325708465956776","2,7905799611050552","1,750410552271973","0,8156733577776354","1,3199176456053572","2,394420173219891","1,0267514725663425","3,0290927698663372","3,6135927661414105","7,504009055749439","2,626812939457131","3,0106047578102535","2,1019959778222597","3,387651246514922","2,8740795738611458","1,6001675905633617","0,3246239284280011"
2024Q1,"186,36","185,0375","0,02742958675162055","201,49","196,8075","0,03542022885703","169,44","165,405","-0,026184483596061403","159,28","158,6925","0,042606310464333275","368,84","367,53749999999997","0,08817782120175854","277,6","268,1975","0,015736103089464715","183,06","182,245","0,027644247712759196","265,48","264,6725","0,05771690045158451","141,64","139,925","0,02149948897649301","252,49","246,79500000000002","0,08790954474823942","115,03","113,74","-0,005421476040573636","221,13","220,2775","0,055499652603081095","153,47","151,14499999999998","-0,0017996598807934472","197,89","194,6125","0,02796888824329513","164,93","162,9475","0,008244903010240279","168,72","167,41750000000002","0,014328774177913228","427,16","417,44500000000005","0,026729221366160294","236,07","231,2675","0,07403924300476028","229,51","226,54250000000002","0,030699060488182273","198,55","193,525","0,03322166014868988","157,99","157,945","0,01712979360530631",False,"0,016472445217660694","0,0223603998767783","0,01945063060154182","0,011158032930077461","0,02038397672765148","0,04083071360086326","0,015811924018455152","0,03687758714883192","0,00632286878351534","0,021471442415348464","-0,0048064123025628215","0,027614330022391186","0,01318776113788742","0,01735859634374827","0,013090667003961243","0,010105204062301497","0,035769913476891645","0,02613512385169391","0,020837618861764568","0,028804801128663328","0,00298750492007014",1T2024,2024-01-01,"2,742958675162055","1,6472445217660694","3,542022885703","2,23603998767783","-2,6184483596061403","1,945063060154182","4,2606310464333275","1,1158032930077462","8,817782120175854","2,038397672765148","1,5736103089464715","4,0830713600863255","2,7644247712759196","1,5811924018455152","5,771690045158451","3,6877587148831923","2,149948897649301","0,632286878351534","8,790954474823941","2,1471442415348463","-0,5421476040573636","-0,48064123025628214","5,5499652603081095","2,7614330022391185","-0,17996598807934472","1,318776113788742","2,796888824329513","1,735859634374827","0,8244903010240279","1,3090667003961243","1,4328774177913228","1,0105204062301496","2,6729221366160294","3,5769913476891646","7,403924300476028","2,613512385169391","3,0699060488182273","2,0837618861764566","3,322166014868988","2,8804801128663327","1,712979360530631","0,298750492007014"
2024Q2,"189,55","186,375","0,025616332819722754","203,79","199,375","0,041313033713733516","174,16","167,515","-0,009739156136850724","160,91","159,5475","0,035703273341015196","377,29","371,66249999999997","0,06990953645529707","301,39","277,8575","0,05170374435791425","186,25","183,445","0,024832402234636897","261,17","261,3525","-0,0021952639566291676","142,71","141,065","0,027627529184650834","239,04","246,6975","0,06413104429970229","117,62","114,8575","0,009736263736263684","222,27","223,51749999999998","0,06803086773700318","157,66","152,70250000000001","0,007355487754597156","199,87","196,42000000000002","0,029697779874708452","167,67","164,255","0,014953502023665965","169,42","167,4925","0,004181780029377302","433,78","422,8275","0,02902148319856912","240,05","234,8175","0,06973486401530682","231,4","228,55249999999998","0,03235240977460596","199,79","195,945","0,037775571002979014","160,08","158,51","0,014139475367882293",False,"0,016344964151123454","0,022322596081313574","0,01940715572865498","0,011008234918811921","0,01977498260320025","0,04081849043269593","0,015679903581637997","0,03688939872055982","0,006186526709424789","0,021190458717289574","-0,0050349110361945296","0,027642002970708183","0,013118437616207079","0,01721308716477681","0,012982157551868913","0,00994289339893957","0,03540389929236918","0,026002118308816508","0,020655277945306545","0,028868806518715196","0,0027287705558602694",2T2024,2024-04-01,"2,5616332819722754","1,6344964151123453","4,131303371373352","2,2322596081313573","-0,9739156136850724","1,940715572865498","3,5703273341015196","1,100823491881192","6,990953645529707","1,977498260320025","5,170374435791425","4,081849043269592","2,4832402234636897","1,5679903581637997","-0,21952639566291676","3,6889398720559816","2,7627529184650834","0,6186526709424789","6,413104429970229","2,1190458717289573","0,9736263736263684","-0,5034911036194529","6,803086773700318","2,7642002970708184","0,7355487754597156","1,311843761620708","2,969777987470845","1,7213087164776808","1,4953502023665965","1,2982157551868914","0,4181780029377302","0,994289339893957","2,902148319856912","3,540389929236918","6,973486401530682","2,600211830881651","3,235240977460596","2,0655277945306545","3,7775571002979014","2,8868806518715195","1,4139475367882293","0,27287705558602693"
2024Q3,"191,25","188,075","0,028083361803894702","206,54","202,185","0,04787571748791786","178,24","171,6175","0,03276715461342872","161,69","160,435","0,03296526414061751","371,43","372,21750000000003","0,04314470079661459","306,94","288,685","0,10500377986813536","188,01","184,9825","0,026326374921977758","262,58","261,3475","-0,02454978072221703","143,57","142,2225","0,03321830730112607","240,43","246,28","0,04225650140713921","118,57","116,1125","0,024168118370857083","217,89","223,30249999999998","0,05287911828844227","155,96","154,9525","0,033481733446717676","201,5","198,4625","0,034831123799095476","169,0","165,88","0,023587306974376387","169,72","168,1975","0,004779043892531254","445,44","430,9175","0,04507284776242493","243,62","238,3525","0,0661083093850987","233,21","230,35500000000002","0,03246120230825267","203,07","198,9025","0,049326703683675976","160,8","159,185","0,014579582211316389",False,"0,016217483084586214","0,022284792285848853","0,019363680855768138","0,010858436907546384","0,01916598847874902","0,04080626726452859","0,015547883144820843","0,036901210292287705","0,006050184635334237","0,020909475019230683","-0,005263409769826234","0,027669675919025184","0,013049114094526738","0,017067577985805348","0,012873648099776583","0,00978058273557764","0,035037885107846715","0,02586911276593911","0,02047293702884852","0,028932811908767068","0,0024700361916503953",3T2024,2024-07-01,"2,80833618038947","1,6217483084586215","4,787571748791786","2,2284792285848853","3,2767154613428717","1,9363680855768137","3,296526414061751","1,0858436907546385","4,314470079661459","1,916598847874902","10,500377986813536","4,080626726452858","2,6326374921977758","1,5547883144820842","-2,454978072221703","3,6901210292287705","3,321830730112607","0,6050184635334237","4,225650140713921","2,0909475019230683","2,4168118370857083","-0,5263409769826234","5,287911828844227","2,7669675919025183","3,3481733446717676","1,3049114094526737","3,4831123799095476","1,7067577985805347","2,3587306974376387","1,2873648099776582","0,4779043892531254","0,978058273557764","4,507284776242493","3,5037885107846716","6,610830938509871","2,586911276593911","3,246120230825267","2,047293702884852","4,932670368367598","2,893281190876707","1,4579582211316389","0,24700361916503955"
2024Q4,"191,4","189,64","0,029896543297037503","205,27","204,27249999999998","0,05109535999588344","180,48","175,57999999999998","0,06813480958754092","160,09","160,4925","0,02003622727850507","363,13","370,1725","0,019604467642643675","309,42","298,83750000000003","0,14487256845674246","188,17","186,3725","0,026775015494800547","256,91","261,535","-0,030624820467202163","144,07","142,9975","0,030779766088194327","244,41","244,0925","0,005747896043428513","119,31","117,6325","0,038628788380460355","216,91","219,54999999999998","0,008938213735897538","160,36","156,8625","0,043228863579682475","201,54","200,2","0,03772240148246042","169,64","167,81","0,03444343417220175","170,91","169,6925","0,016168390795993748","444,46","437,71","0,0604724409448818","242,26","240,5","0,05514851050761216","233,34","231,865","0,03222000868103869","202,63","201,01000000000002","0,052559923549202026","160,2","159,7675","0,013608463258735437",False,"0,016090002018048975","0,02224698849038413","0,019320205982881297","0,010708638896280844","0,01855699435429778","0,040794044096361254","0,015415862708003688","0,0369130218640156","0,005913842561243686","0,020628491321171793","-0,005491908503457939","0,027697348867342184","0,012979790572846397","0,016922068806833883","0,012765138647684252","0,009618272072215713","0,03467187092332426","0,02573610722306171","0,020290596112390497","0,02899681729881894","0,0022113018274405247",4T2024,2024-10-01,"2,9896543297037503","1,6090002018048974","5,109535999588344","2,224698849038413","6,813480958754092","1,9320205982881298","2,003622727850507","1,0708638896280844","1,9604467642643675","1,855699435429778","14,487256845674246","4,079404409636125","2,6775015494800547","1,5415862708003687","-3,0624820467202163","3,69130218640156","3,0779766088194327","0,5913842561243686","0,5747896043428513","2,0628491321171794","3,8628788380460355","-0,5491908503457938","0,8938213735897538","2,7697348867342186","4,3228863579682475","1,2979790572846397","3,772240148246042","1,6922068806833883","3,444343417220175","1,2765138647684253","1,6168390795993748","0,9618272072215713","6,04724409448818","3,4671870923324257","5,514851050761216","2,573610722306171","3,222000868103869","2,0290596112390498","5,255992354920203","2,8996817298818938","1,3608463258735437","0,22113018274405247"
2025Q1,"193,81","191,5025","0,0349388637438357","205,75","205,33749999999998","0,043341844187848366","184,45","179,33249999999998","0,08420241226081426","162,44","161,2825","0,016320872126912134","379,58","372,8575","0,014474713464612599","319,92","309,4175","0,15369270779928978","190,55","188,245","0,03292271392905155","298,31","269,7425","0,01915574908613471","144,1","143,6125","0,02635340360907623","251,95","243,95749999999998","-0,01149739662472915","117,85","118,3375","0,0404211359240374","220,92","219,4975","-0,003540988071863871","158,11","158,0225","0,04550266300572314","202,05","201,24","0,03405485259168861","169,89","169,04999999999998","0,03745071265284827","171,23","170,32","0,01733689727776344","456,28","444,98999999999995","0,0659847405047369","244,07","242,5","0,04856929745857075","233,96","232,97750000000002","0,028405266120043793","202,79","202,07","0,04415450200232529","160,49","160,3925","0,015495900471683255",False,"0,015962520951511735","0,022209184694919407","0,01927673110999446","0,010558840885015304","0,01794800022984655","0,04078182092819392","0,015283842271186534","0,036924833435743494","0,005777500487153135","0,020347507623112902","-0,005720407237089647","0,02772502181565918","0,012910467051166058","0,01677655962786242","0,012656629195591922","0,009455961408853786","0,03430585673880179","0,025603101680184308","0,02010825519593247","0,02906082268887081","0,001952567463230654",1T2025,2025-01-01,"3,49388637438357","1,5962520951511734","4,334184418784837","2,2209184694919406","8,420241226081426","1,927673110999446","1,6320872126912134","1,0558840885015304","1,4474713464612599","1,794800022984655","15,369270779928978","4,078182092819392","3,292271392905155","1,5283842271186534","1,915574908613471","3,6924833435743496","2,635340360907623","0,5777500487153135","-1,149739662472915","2,0347507623112904","4,04211359240374","-0,5720407237089646","-0,3540988071863871","2,772502181565918","4,550266300572314","1,2910467051166057","3,405485259168861","1,6776559627862422","3,7450712652848273","1,2656629195591922","1,7336897277763441","0,9455961408853787","6,5984740504736905","3,4305856738801794","4,856929745857075","2,5603101680184306","2,8405266120043793","2,010825519593247","4,415450200232529","2,906082268887081","1,5495900471683255","0,1952567463230654"
2025Q2,"194,5","192,74","0,034151576123407246","207,36","206,23000000000002","0,03438244514106592","181,01","181,045","0,08076888636838486","162,41","161,6575","0,013224901675049638","386,26","375,1","0,00924898261191287","311,9","312,045","0,123039687609656","191,4","189,5325","0,03318433317888192","288,87","276,6675","0,0585990185668781","145,14","144,21999999999997","0,022365576152837185","263,06","249,9625","0,013234832132470009","117,41","118,285","0,02984132512025761","218,87","218,64749999999998","-0,021788003176485105","157,85","158,07000000000002","0,03515004665935395","203,62","202,1775","0,029312188168211017","170,04","169,64249999999998","0,03279961036193724","172,66","171,13","0,021717390330910247","461,45","451,90749999999997","0,06877509149712346","248,04","244,4975","0,04122350335899161","236,05","234,14000000000001","0,02444733704509927","205,19","203,42000000000002","0,038148460027048525","160,56","160,5125","0,01263327234874767",False,"0,015835039884974495","0,022171380899454682","0,01923325623710762","0,010409042873749764","0,01733900610539532","0,04076959776002658","0,01515182183436938","0,03693664500747139","0,005641158413062583","0,020066523925054012","-0,005948905970721351","0,027752694763976182","0,012841143529485717","0,01663105044889096","0,012548119743499592","0,00929365074549186","0,03393984255427933","0,025470096137306907","0,019925914279474446","0,029124828078922683","0,00169383309902078",2T2025,2025-04-01,"3,4151576123407246","1,5835039884974496","3,438244514106592","2,2171380899454682","8,076888636838486","1,9233256237107619","1,3224901675049638","1,0409042873749763","0,924898261191287","1,733900610539532","12,3039687609656","4,076959776002658","3,318433317888192","1,5151821834369381","5,85990185668781","3,693664500747139","2,2365576152837185","0,5641158413062582","1,323483213247001","2,0066523925054014","2,984132512025761","-0,5948905970721351","-2,1788003176485105","2,775269476397618","3,515004665935395","1,2841143529485717","2,9312188168211017","1,663105044889096","3,2799610361937237","1,254811974349959","2,1717390330910247","0,9293650745491859","6,877509149712346","3,3939842554279327","4,122350335899161","2,547009613730691","2,444733704509927","1,9925914279474446","3,8148460027048525","2,9124828078922684","1,263327234874767","0,169383309902078"
2025Q3,"194,71","193,60500000000002","0,02940316363153017","207,24","206,40500000000003","0,020871973687464518","182,35","182,0725","0,06092036068582729","164,55","162,3725","0,012076541901704818","398,97","381,985","0,026241377689119938","313,41","313,6625","0,08652164123525652","191,56","190,42000000000002","0,029394672469017502","290,44","283,6325","0,0852696122978025","146,05","144,84","0,018404260929177907","269,38","257,2","0,044339775864869146","117,65","118,055","0,01672946495855321","216,23","218,2325","-0,02270462713135768","159,26","158,895","0,025443281005469665","204,17","202,845","0,0220822573534043","170,51","170,01999999999998","0,024957800819869647","176,38","172,795","0,02733393778147719","468,98","457,7925","0,062366926383820465","245,34","244,9275","0,02758519419766947","237,72","235,2675","0,02132577977469552","205,36","203,9925","0,02559042747074569","161,2","160,6125","0,008967553475516032",False,"0,015707558818437255","0,02213357710398996","0,019189781364220778","0,010259244862484227","0,016730011980944093","0,04075737459185925","0,015019801397552227","0,036948456579199276","0,005504816338972032","0,01978554022699512","-0,0061774047043530594","0,027780367712293183","0,012771820007805378","0,0164855412699195","0,012439610291407261","0,009131340082129933","0,033573828369756864","0,025337090594429505","0,019743573363016423","0,02918883346897455","0,0014350987348109093",3T2025,2025-07-01,"2,940316363153017","1,5707558818437255","2,087197368746452","2,213357710398996","6,092036068582729","1,9189781364220777","1,2076541901704818","1,0259244862484227","2,624137768911994","1,6730011980944093","8,652164123525651","4,075737459185925","2,93946724690175","1,5019801397552226","8,52696122978025","3,694845657919928","1,8404260929177907","0,5504816338972032","4,433977586486915","1,9785540226995122","1,6729464958553208","-0,617740470435306","-2,270462713135768","2,7780367712293184","2,5443281005469665","1,2771820007805377","2,20822573534043","1,64855412699195","2,4957800819869647","1,2439610291407261","2,733393778147719","0,9131340082129933","6,2366926383820465","3,3573828369756864","2,758519419766947","2,5337090594429506","2,132577977469552","1,9743573363016422","2,559042747074569","2,918883346897455","0,8967553475516032","0,14350987348109093"
2025Q4,"195,2","194,55499999999998","0,025917527947690422","207,45","206,95000000000002","0,013107491218837808","175,41","180,80499999999998","0,02975851463720236","166,13","163,8825","0,021122482358988615","414,07","394,71999999999997","0,06631367808251554","309,85","313,77","0,049968628435186124","192,04","191,3875","0,02690847630417581","292,37","292,4975","0,1183875963064216","144,99","145,07","0,014493260371684746","274,05","264,61","0,08405624916783605","116,84","117,4375","-0,0016577051410111565","218,72","218,685","-0,003939877021179594","155,66","157,72","0,005466571041517154","205,5","203,835","0,018156843156843294","170,16","170,14999999999998","0,01394434181514792","173,91","173,545","0,022702830119186057","477,13","465,96","0,06454044915583368","252,78","247,5575","0,029345114345114443","237,96","236,4225","0,0196558342138744","206,82","205,04","0,020048753793343588","161,74","160,9975","0,007698687154771733",False,"0,015580077751900016","0,02209577330852524","0,01914630649133394","0,010109446851218687","0,01612101785649285","0,040745151423691915","0,014887780960735073","0,03696026815092717","0,005368474264881481","0,019504556528936234","-0,006405903437984764","0,02780804066061018","0,012702496486125037","0,016340032090948038","0,012331100839314933","0,008969029418768006","0,033207814185234406","0,025204085051552107","0,0195612324465584","0,029252838859026423","0,0011763643706010386",4T2025,2025-10-01,"2,591752794769042","1,5580077751900017","1,3107491218837808","2,209577330852524","2,975851463720236","1,914630649133394","2,1122482358988615","1,0109446851218686","6,631367808251554","1,612101785649285","4,996862843518612","4,074515142369192","2,690847630417581","1,4887780960735073","11,838759630642159","3,696026815092717","1,4493260371684746","0,5368474264881481","8,405624916783605","1,9504556528936234","-0,16577051410111565","-0,6405903437984763","-0,3939877021179594","2,780804066061018","0,5466571041517154","1,2702496486125037","1,8156843156843294","1,6340032090948038","1,394434181514792","1,2331100839314932","2,2702830119186057","0,8969029418768006","6,454044915583368","3,3207814185234406","2,9345114345114443","2,5204085051552108","1,9655834213874401","1,9561232446558399","2,0048753793343588","2,925283885902642","0,7698687154771733","0,11763643706010386"
2026Q1,"197,29","195,425","0,02048276132165383","209,2","207,8125","0,012053326839958745","181,43","180,05","0,004000947959795553","166,74","164,9575","0,022786105126098688","405,42","401,18","0,07596065521010043","323,0","314,54","0,016555301493936136","193,95","192,2375","0,021209062657706834","298,96","292,65999999999997","0,08496065692280586","146,77","145,7375","0,014796762120288909","284,67","272,78999999999996","0,11818656938196193","116,94","117,21","-0,009527833526988605","218,62","218,10999999999999","-0,006321256506338413","160,01","158,195","0,0010916167001533417","206,35","204,90999999999997","0,018236931027628467","171,51","170,555","0,008902691511387228","172,89","173,95999999999998","0,021371535932362518","489,8","474,34000000000003","0,06595653834917647","251,01","249,2925","0,028010309278350576","240,66","238,0975","0,02197637110879791","207,58","206,2375","0,02062404117385075","162,37","161,4675","0,006702308399706869",False,"0,015452596685362776","0,022057969513060514","0,0191028316184471","0,009959648839953147","0,015512023732041622","0,040732928255524575","0,01475576052391792","0,036972079722655066","0,005232132190790929","0,01922357283087734","-0,006634402171616472","0,02783571360892718","0,012633172964444696","0,016194522911976574","0,012222591387222603","0,008806718755406076","0,03284180000071194","0,02507107950867471","0,019378891530100376","0,029316844249078294","0,0009176300063911645",1T2026,2026-01-01,"2,048276132165383","1,5452596685362776","1,2053326839958745","2,2057969513060516","0,40009479597955533","1,91028316184471","2,278610512609869","0,9959648839953147","7,5960655210100425","1,5512023732041622","1,6555301493936136","4,073292825552458","2,1209062657706834","1,475576052391792","8,496065692280585","3,6972079722655065","1,4796762120288909","0,5232132190790929","11,818656938196192","1,922357283087734","-0,9527833526988605","-0,6634402171616472","-0,6321256506338413","2,783571360892718","0,10916167001533417","1,2633172964444697","1,8236931027628467","1,6194522911976574","0,8902691511387228","1,2222591387222603","2,1371535932362518","0,8806718755406076","6,5956538349176475","3,2841800000711943","2,8010309278350576","2,507107950867471","2,197637110879791","1,9378891530100375","2,062404117385075","2,9316844249078295","0,6702308399706869","0,09176300063911645"
2026Q2,"198,24","196,36","0,018781778561793194","208,27","208,04000000000002","0,008776608640837846","183,6","180,6975","-0,0019194123008091646","167,44","166,215","0,028192320183103137","402,36","405,205","0,08025859770727806","328,82","318,77","0,021551378807543653","194,95","193,125","0,018954532863756812","307,4","297,2925","0,07454796822901133","146,95","146,19","0,01365968658993233","294,37","280,6175","0,12263839575936397","116,49","116,98","-0,011032675318087604","216,28","217,46249999999998","-0,005419682365451206","159,43","158,58999999999997","0,0032896817865499806","206,74","205,69","0,01737334767716492","171,59","170,9425","0,007663174027734865","174,74","174,48","0,019575761117279322","499,94","483,9625","0,07093265767883916","250,38","249,8775","0,022004314972545735","241,25","239,3975","0,02245451439309809","207,5","206,815","0,016689607708189946","161,79","161,775","0,007865431041196302",False,"0,015325115618825536","0,022020165717595793","0,01905935674556026","0,009809850828687607","0,014903029607590393","0,04072070508735724","0,014623740087100764","0,03698389129438295","0,005095790116700378","0,018942589132818453","-0,006862900905248177","0,02786338655724418","0,012563849442764357","0,016049013733005112","0,012114081935130272","0,00864440809204415","0,03247578581618948","0,02493807396579731","0,01919655061364235","0,029380849639130166","0,0006588956421812939",2T2026,2026-04-01,"1,8781778561793194","1,5325115618825536","0,8776608640837846","2,202016571759579","-0,19194123008091646","1,9059356745560259","2,8192320183103137","0,9809850828687606","8,025859770727806","1,4903029607590392","2,1551378807543653","4,072070508735724","1,8954532863756812","1,4623740087100763","7,454796822901133","3,6983891294382953","1,365968658993233","0,5095790116700378","12,263839575936398","1,8942589132818453","-1,1032675318087604","-0,6862900905248177","-0,5419682365451206","2,7863386557244176","0,32896817865499806","1,2563849442764357","1,7373347677164919","1,6049013733005113","0,7663174027734865","1,2114081935130272","1,9575761117279322","0,8644408092044149","7,093265767883916","3,2475785816189475","2,2004314972545735","2,4938073965797307","2,245451439309809","1,919655061364235","1,6689607708189946","2,9380849639130164","0,7865431041196302","0,06588956421812939"
